PMID,Title,journal_book,nct_id,publication_url,sponsor_name,is_act,is_pact,trial_start_date,trial_start_date_clean_01,trial_start_date_clean_mid,start_date_type,primary_completion_date,primary_completion_date_clean_01,primary_completion_date_clean_mid,primary_completion_date_type,first_registration_date,first_registration_date_clean_01,first_registration_date_clean_mid,first_submitted_date,secondary_ids,lead_sponsor_name,lead_sponsor_class,funder_type,collaborator_names,all_sponsors,is_nih_funded,is_randomized,allocation,intervention_model,study_type,has_results_section,results_first_post_date,results_first_submit_date,has_adverse_events_section,Has_Protocol,Earliest_Document_Date_Protocol,Has_SAP,Earliest_Document_Date_SAP,Electronic_Publication_Date,Print_Publication_Date,Publication_Date_Prio_Print,Publication_Date_Prio_Elec,funder_sponsor
40158525,"Effect of invitation to colonoscopy versus faecal immunochemical test screening on colorectal cancer mortality (COLONPREV): a pragmatic, randomised, controlled, non-inferiority trial",Lancet,NCT00906997,,,No,,2008-11,11/1/2008,11/15/2008,ACTUAL,12/31/2021,12/31/2021,12/31/2021,ACTUAL,5/19/2009,5/19/2009,5/19/2009,5/19/2009,,Hospital Clinic of Barcelona,OTHER,OTHER,Fundacion Cientifica de la Asociacion Española contra el Cancer; Instituto de Salud Carlos III,Hospital Clinic of Barcelona; Fundacion Cientifica de la Asociacion Española contra el Cancer; Instituto de Salud Carlos III,Yes,Yes,RANDOMIZED,PARALLEL,INTERVENTIONAL,FALSE,1/1/3011,1/1/3011,FALSE,Yes,1/24/2024,Yes,1/24/2024,3/27/2025,4/12/2025,4/12/2025,3/27/2025,NIH
39863372,Coronary CT angiography-guided management of patients with stable chest pain: 10-year outcomes from the SCOT-HEART randomised controlled trial in Scotland,Lancet,NCT01149590,,,No,,2010-11,11/1/2010,11/15/2010,,2015-05,5/1/2015,5/16/2015,ACTUAL,6/22/2010,6/22/2010,6/22/2010,6/21/2010,,University of Edinburgh,OTHER,OTHER,NHS Lothian; Chief Scientist Office of the Scottish Government,University of Edinburgh; NHS Lothian; Chief Scientist Office of the Scottish Government,Yes,Yes,RANDOMIZED,PARALLEL,INTERVENTIONAL,FALSE,1/1/3011,1/1/3011,FALSE,No,,No,,,1/25/2025,1/25/2025,1/25/2025,NIH
39813643,Survival with Trastuzumab Emtansine in Residual HER2-Positive Breast Cancer,N Engl J Med,NCT01772472,https://clinicaltrials.gov/study/NCT01772472,Hoffmann-La Roche,Yes,TRUE,4/3/2013,4/3/2013,4/3/2013,ACTUAL,7/25/2018,7/25/2018,7/25/2018,ACTUAL,1/17/2013,1/17/2013,1/17/2013,1/17/2013,2012-002018-37 (EUDRACT_NUMBER),Hoffmann-La Roche,INDUSTRY,INDUSTRY,NSABP Foundation Inc; GBG Forschungs GmbH,Hoffmann-La Roche; NSABP Foundation Inc; GBG Forschungs GmbH,No,Yes,RANDOMIZED,PARALLEL,INTERVENTIONAL,TRUE,10/1/2019,9/9/2019,TRUE,Yes,6/18/2021,Yes,6/20/2023,,1/16/2025,1/16/2025,1/16/2025,INDUSTRY
40063041,High-Dose Vitamin D in Clinically Isolated Syndrome Typical of Multiple Sclerosis: The D-Lay MS Randomized Clinical Trial,JAMA,NCT01817166,,,No,,7/16/2013,7/16/2013,7/16/2013,,1/4/2023,1/4/2023,1/4/2023,ACTUAL,3/20/2013,3/20/2013,3/20/2013,3/20/2013,2012-005821-59 (EUDRACT_NUMBER),Centre Hospitalier Universitaire de Nīmes,OTHER,OTHER,,Centre Hospitalier Universitaire de Nīmes,No,Yes,RANDOMIZED,PARALLEL,INTERVENTIONAL,FALSE,1/1/3011,1/1/3011,FALSE,No,,Yes,12/20/2023,,4/22/2025,4/22/2025,4/22/2025,OTHER
39282897,"Final, 10-Year Outcomes with Nivolumab plus Ipilimumab in Advanced Melanoma",N Engl J Med,NCT01844505,,,No,,6/11/2013,6/11/2013,6/11/2013,ACTUAL,8/1/2016,8/1/2016,8/1/2016,ACTUAL,4/30/2013,4/30/2013,4/30/2013,4/29/2013,2012-005371-13 (EUDRACT_NUMBER),Bristol-Myers Squibb,INDUSTRY,INDUSTRY,,Bristol-Myers Squibb,No,Yes,RANDOMIZED,PARALLEL,INTERVENTIONAL,TRUE,9/26/2017,8/28/2017,TRUE,No,,No,,9/15/2024,1/2/2025,1/2/2025,9/15/2024,INDUSTRY
40466065,Omitting Regional Nodal Irradiation after Response to Neoadjuvant Chemotherapy,N Engl J Med,NCT01872975,,,No,,2013-08,8/1/2013,8/16/2013,,9/14/2023,9/14/2023,9/14/2023,ACTUAL,6/6/2013,6/6/2013,6/6/2013,6/3/2013,"NCI-2012-03198 (REGISTRY, CTRP (Clinical Trial Reporting Program)); U10CA012027 (NIH)",NSABP Foundation Inc,NETWORK,NETWORK,National Cancer Institute (NCI); Radiation Therapy Oncology Group,NSABP Foundation Inc; National Cancer Institute (NCI); Radiation Therapy Oncology Group,Yes,Yes,RANDOMIZED,PARALLEL,INTERVENTIONAL,FALSE,1/1/3011,1/1/3011,FALSE,No,,No,,,6/5/2025,6/5/2025,6/5/2025,NIH
40174598,"Outcomes after fractional flow reserve-guided percutaneous coronary intervention versus coronary artery bypass grafting (FAME 3): 5-year follow-up of a multicentre, open-label, randomised trial",Lancet,NCT02100722,https://clinicaltrials.gov/study/NCT02100722,Stanford University,Yes,TRUE,8/25/2014,8/25/2014,8/25/2014,ACTUAL,12/1/2020,12/1/2020,12/1/2020,ACTUAL,3/27/2014,3/27/2014,3/27/2014,3/21/2014,,Stanford University,OTHER,OTHER,"VZW Cardiovascular Research Center Aalst; Catharina Ziekenhuis Eindhoven; Golden Jubilee National Hospital; University of California, Irvine; Medtronic; Abbott Medical Devices; Genae; King's College Hospital NHS Trust; Houston Methodist DeBakey Heart & Vascular Center","Stanford University; VZW Cardiovascular Research Center Aalst; Catharina Ziekenhuis Eindhoven; Golden Jubilee National Hospital; University of California, Irvine; Medtronic; Abbott Medical Devices; Genae; King's College Hospital NHS Trust; Houston Methodist DeBakey Heart & Vascular Center",No,Yes,RANDOMIZED,PARALLEL,INTERVENTIONAL,TRUE,1/20/2022,12/21/2021,TRUE,Yes,2/27/2018,Yes,2/27/2018,3/30/2025,4/26/2025,4/26/2025,3/30/2025,OTHER
39955120,"Efficacy and safety of intravenous nerinetide initiated by paramedics in the field for acute cerebral ischaemia within 3 h of symptom onset (FRONTIER): a phase 2, multicentre, randomised, double-blind, placebo-controlled study",Lancet,NCT02315443,,,No,,3/26/2015,3/26/2015,3/26/2015,ACTUAL,3/27/2023,3/27/2023,3/27/2023,ACTUAL,12/10/2014,12/10/2014,12/10/2014,12/5/2014,"HC6-24-c 195121 (OTHER, Health Canada)",NoNO Inc.,INDUSTRY,INDUSTRY,Brain Canada; Djavad Mowafaghian Centre for Brain Health; Canadian Stroke Network; University of Calgary; University of Toronto; University of British Columbia; Genome British Columbia,NoNO Inc.; Brain Canada; Djavad Mowafaghian Centre for Brain Health; Canadian Stroke Network; University of Calgary; University of Toronto; University of British Columbia; Genome British Columbia,No,Yes,RANDOMIZED,PARALLEL,INTERVENTIONAL,FALSE,1/1/3011,1/1/3011,FALSE,No,,No,,,2/15/2025,2/15/2025,2/15/2025,INDUSTRY
39665649,Axillary Surgery in Breast Cancer - Primary Results of the INSEMA Trial,N Engl J Med,NCT02466737,,,No,,2015-09,9/1/2015,9/15/2015,ACTUAL,8/30/2024,8/30/2024,8/30/2024,ACTUAL,6/4/2015,6/4/2015,6/4/2015,6/4/2015,,University of Rostock,OTHER,OTHER,German Cancer Aid; GBG Forschungs GmbH,University of Rostock; German Cancer Aid; GBG Forschungs GmbH,No,Yes,RANDOMIZED,PARALLEL,INTERVENTIONAL,FALSE,1/1/3011,1/1/3011,FALSE,No,,No,,12/12/2024,3/13/2025,3/13/2025,12/12/2024,OTHER
39842010,Perioperative Chemotherapy or Preoperative Chemoradiotherapy in Esophageal Cancer,N Engl J Med,NCT02509286,,,No,,2016-01,1/1/2016,1/16/2016,,5/1/2024,5/1/2024,5/1/2024,ESTIMATED,7/23/2015,7/23/2015,7/23/2015,7/22/2015,"2015-001683-20 (EUDRACT_NUMBER); DRKS00008008 (REGISTRY, DRKS)",University Hospital Schleswig-Holstein,OTHER,OTHER,Clinical Trials Unit Freiburg; University of Freiburg; University of Leipzig; University of Luebeck; University of Hamburg-Eppendorf,University Hospital Schleswig-Holstein; Clinical Trials Unit Freiburg; University of Freiburg; University of Leipzig; University of Luebeck; University of Hamburg-Eppendorf,No,Yes,RANDOMIZED,PARALLEL,INTERVENTIONAL,FALSE,1/1/3011,1/1/3011,FALSE,No,,No,,,1/23/2025,1/23/2025,1/23/2025,OTHER
40097663,Molecular residual disease analysis of adjuvant osimertinib in resected EGFR-mutated stage IB-IIIA non-small-cell lung cancer,Nat Med,NCT02511106,https://clinicaltrials.gov/study/NCT02511106,AstraZeneca,Yes,TRUE,10/21/2015,10/21/2015,10/21/2015,ACTUAL,4/11/2022,4/11/2022,4/11/2022,ACTUAL,7/28/2015,7/28/2015,7/28/2015,7/28/2015,"2023-506524-82-00 (REGISTRY, CTIS); 2015-000662-65 (EUDRACT_NUMBER)",AstraZeneca,INDUSTRY,INDUSTRY,,AstraZeneca,No,Yes,RANDOMIZED,PARALLEL,INTERVENTIONAL,TRUE,7/27/2021,7/6/2021,TRUE,Yes,8/9/2023,Yes,6/23/2020,3/17/2025,6/1/2025,6/1/2025,3/17/2025,INDUSTRY
40312587,Infant mental health services for birth and foster families of maltreated pre-school children in foster care (BeST(?)): a cluster-randomized phase 3 clinical effectiveness trial,Nat Med,NCT02653716,,,No,,8/29/2017,8/29/2017,8/29/2017,ACTUAL,12/8/2023,12/8/2023,12/8/2023,ACTUAL,1/11/2016,1/11/2016,1/11/2016,12/23/2015,,Helen Minnis,OTHER,OTHER,"University of Glasgow; National Institute for Health Research, United Kingdom; King's College London; Glasgow City Council Social Work; National Society for the Prevention of Cruelty to Children; NHS Greater Glasgow and Clyde; University of Aberdeen","Helen Minnis; University of Glasgow; National Institute for Health Research, United Kingdom; King's College London; Glasgow City Council Social Work; National Society for the Prevention of Cruelty to Children; NHS Greater Glasgow and Clyde; University of Aberdeen",No,Yes,RANDOMIZED,PARALLEL,INTERVENTIONAL,FALSE,1/1/3011,1/1/3011,FALSE,No,,No,,5/1/2025,5/1/2025,5/1/2025,5/1/2025,OTHER
39826968,"Appendicectomy versus antibiotics for acute uncomplicated appendicitis in children: an open-label, international, multicentre, randomised, non-inferiority trial",Lancet,NCT02687464,,,No,,1/20/2016,1/20/2016,1/20/2016,,3/2/2023,3/2/2023,3/2/2023,ACTUAL,2/16/2016,2/16/2016,2/16/2016,1/13/2016,,Children's Mercy Hospital Kansas City,OTHER,OTHER,"Provincial Health Services Authority; Alberta Children's Hospital; Children's Hospital of Western Ontario; St. Justine's Hospital; Children's Hospital of Winnipeg; Le Bonheur Children's Hospital; Karolinska University Hospital; Hospital for Children and Adolescents, Finland; University of Southampton; UCL Institute of Child Health; KK Women's and Children's Hospital; Uppsala University Children's Hospital","Children's Mercy Hospital Kansas City; Provincial Health Services Authority; Alberta Children's Hospital; Children's Hospital of Western Ontario; St. Justine's Hospital; Children's Hospital of Winnipeg; Le Bonheur Children's Hospital; Karolinska University Hospital; Hospital for Children and Adolescents, Finland; University of Southampton; UCL Institute of Child Health; KK Women's and Children's Hospital; Uppsala University Children's Hospital",Yes,Yes,RANDOMIZED,PARALLEL,INTERVENTIONAL,FALSE,1/1/3011,1/1/3011,FALSE,No,,No,,,1/18/2025,1/18/2025,1/18/2025,NIH
39879593,"Oral Regimens for Rifampin-Resistant, Fluoroquinolone-Susceptible Tuberculosis",N Engl J Med,NCT02754765,,,No,,2016-12,12/1/2016,12/16/2016,ACTUAL,2023-06,6/1/2023,6/15/2023,ACTUAL,4/25/2016,4/25/2016,4/25/2016,4/25/2016,,"Médecins Sans Frontières, France",OTHER,OTHER,"Partners in Health; Harvard Medical School (HMS and HSDM); Epicentre; Institute of Tropical Medicine, Belgium; Socios En Salud, Peru; Interactive Research and Development","Médecins Sans Frontières, France; Partners in Health; Harvard Medical School (HMS and HSDM); Epicentre; Institute of Tropical Medicine, Belgium; Socios En Salud, Peru; Interactive Research and Development",No,Yes,RANDOMIZED,PARALLEL,INTERVENTIONAL,FALSE,1/1/3011,1/1/3011,FALSE,No,,No,,,1/30/2025,1/30/2025,1/30/2025,OTHER
39555820,Catheter Ablation or Antiarrhythmic Drugs for Ventricular Tachycardia,N Engl J Med,NCT02830360,,,No,,2016-10,10/1/2016,10/16/2016,ACTUAL,6/6/2024,6/6/2024,6/6/2024,ACTUAL,7/11/2016,7/11/2016,7/11/2016,7/7/2016,,John Sapp,OTHER,OTHER,"Heart and Stroke Foundation of Canada; Abbott Medical Devices; Biosense Webster, Inc.; Ottawa Heart Institute Research Corporation; Canadian Institutes of Health Research (CIHR); Cardiac Arrhythmia Network of Canada; Abbott; Nova Scotia Health Authority","John Sapp; Heart and Stroke Foundation of Canada; Abbott Medical Devices; Biosense Webster, Inc.; Ottawa Heart Institute Research Corporation; Canadian Institutes of Health Research (CIHR); Cardiac Arrhythmia Network of Canada; Abbott; Nova Scotia Health Authority",No,Yes,RANDOMIZED,PARALLEL,INTERVENTIONAL,FALSE,1/1/3011,1/1/3011,FALSE,No,,No,,11/16/2024,2/20/2025,2/20/2025,11/16/2024,OTHER
40055521,Nivolumab plus chemotherapy or ipilimumab in gastroesophageal cancer: exploratory biomarker analyses of a randomized phase 3 trial,Nat Med,NCT02872116,https://clinicaltrials.gov/study/NCT02872116,Bristol-Myers Squibb,Yes,TRUE,10/12/2016,10/12/2016,10/12/2016,ACTUAL,5/27/2020,5/27/2020,5/27/2020,ACTUAL,8/18/2016,8/18/2016,8/18/2016,8/16/2016,2016-001018-76 (EUDRACT_NUMBER),Bristol-Myers Squibb,INDUSTRY,INDUSTRY,Ono Pharmaceutical Co. Ltd,Bristol-Myers Squibb; Ono Pharmaceutical Co. Ltd,No,Yes,RANDOMIZED,PARALLEL,INTERVENTIONAL,TRUE,6/28/2022,6/23/2022,TRUE,Yes,9/16/2019,Yes,5/19/2021,3/7/2025,5/1/2025,5/1/2025,3/7/2025,INDUSTRY
39665585,Active Monitoring With or Without Endocrine Therapy for Low-Risk Ductal Carcinoma In Situ: The COMET Randomized Clinical Trial,JAMA,NCT02926911,,,No,,2/22/2017,2/22/2017,2/22/2017,ACTUAL,6/27/2024,6/27/2024,6/27/2024,ACTUAL,10/5/2016,10/5/2016,10/5/2016,9/19/2016,,"Alliance Foundation Trials, LLC.",OTHER,OTHER,Duke University; Dana-Farber Cancer Institute; New York University; Washington University School of Medicine; Patient-Centered Outcomes Research Institute; M.D. Anderson Cancer Center; Rising Tide Foundation; Breast Cancer Research Foundation,"Alliance Foundation Trials, LLC.; Duke University; Dana-Farber Cancer Institute; New York University; Washington University School of Medicine; Patient-Centered Outcomes Research Institute; M.D. Anderson Cancer Center; Rising Tide Foundation; Breast Cancer Research Foundation",No,Yes,RANDOMIZED,PARALLEL,INTERVENTIONAL,TRUE,6/24/2025,6/5/2025,TRUE,Yes,5/2/2024,Yes,5/2/2024,,3/18/2025,3/18/2025,3/18/2025,OTHER
39847361,Transanal vs Laparoscopic Total Mesorectal Excision and 3-Year Disease-Free Survival in Rectal Cancer: The TaLaR Randomized Clinical Trial,JAMA,NCT02966483,,,No,,2016-04,4/1/2016,4/15/2016,ACTUAL,2026-07,7/1/2026,7/16/2026,ESTIMATED,11/16/2016,11/16/2016,11/16/2016,11/8/2016,,Sun Yat-sen University,OTHER,OTHER,"Peking Union Medical College Hospital; The First Hospital of Jilin University; RenJi Hospital; Shengjing Hospital; The Second People's Hospital of Yibin; Daping Hospital and the Research Institute of Surgery of the Third Military Medical University; Nanchong Central Hospital; Zunyi Medical College; The First Affiliated Hospital of University of South China; Xinqiao Hospital; Nanfang Hospital, Southern Medical University; First Affiliated Hospital Xi'an Jiaotong University; Ruijin Hospital; Affiliated Hospital of Guangdong Medical University; The Third Xiangya Hospital of Central South University","Sun Yat-sen University; Peking Union Medical College Hospital; The First Hospital of Jilin University; RenJi Hospital; Shengjing Hospital; The Second People's Hospital of Yibin; Daping Hospital and the Research Institute of Surgery of the Third Military Medical University; Nanchong Central Hospital; Zunyi Medical College; The First Affiliated Hospital of University of South China; Xinqiao Hospital; Nanfang Hospital, Southern Medical University; First Affiliated Hospital Xi'an Jiaotong University; Ruijin Hospital; Affiliated Hospital of Guangdong Medical University; The Third Xiangya Hospital of Central South University",No,Yes,RANDOMIZED,PARALLEL,INTERVENTIONAL,FALSE,1/1/3011,1/1/3011,FALSE,No,,No,,,3/4/2025,3/4/2025,3/4/2025,OTHER
40354045,Antihypertensive Medication Timing and Cardiovascular Events and Death: The BedMed Randomized Clinical Trial,JAMA,NCT02990663,,,No,,3/31/2017,3/31/2017,3/31/2017,ACTUAL,12/22/2023,12/22/2023,12/22/2023,ACTUAL,12/8/2016,12/8/2016,12/8/2016,12/5/2016,,University of Alberta,OTHER,OTHER,Alberta Innovates Health Solutions; Alberta Health services; Canadian Institutes of Health Research (CIHR),University of Alberta; Alberta Innovates Health Solutions; Alberta Health services; Canadian Institutes of Health Research (CIHR),No,Yes,RANDOMIZED,PARALLEL,INTERVENTIONAL,FALSE,1/1/3011,1/1/3011,FALSE,No,,No,,,6/17/2025,6/17/2025,6/17/2025,OTHER
39565030,Antibiotic Treatment for 7 versus 14 Days in Patients with Bloodstream Infections,N Engl J Med,NCT03005145,,,No,,2/24/2017,2/24/2017,2/24/2017,ACTUAL,5/5/2023,5/5/2023,5/5/2023,ACTUAL,12/22/2016,12/22/2016,12/22/2016,12/20/2016,,Sunnybrook Health Sciences Centre,OTHER,OTHER,,Sunnybrook Health Sciences Centre,No,Yes,RANDOMIZED,PARALLEL,INTERVENTIONAL,FALSE,1/1/3011,1/1/3011,FALSE,No,,No,,11/20/2024,3/13/2025,3/13/2025,11/20/2024,OTHER
40159390,Intravenous Ferric Carboxymaltose in Heart Failure With Iron Deficiency: The FAIR-HF2 DZHK05 Randomized Clinical Trial,JAMA,NCT03036462,,,No,,3/7/2017,3/7/2017,3/7/2017,ACTUAL,5/2/2024,5/2/2024,5/2/2024,ACTUAL,1/26/2017,1/26/2017,1/26/2017,9/15/2016,"FAIR-HF2-DZHK5 (OTHER_GRANT, Deutsches Zentrum für Herzkreislaufforschung)",Universitätsklinikum Hamburg-Eppendorf,OTHER,OTHER,"Deutsches Zentrum für Herz-Kreislauf-Forschung (DZHK); Charite University, Berlin, Germany","Universitätsklinikum Hamburg-Eppendorf; Deutsches Zentrum für Herz-Kreislauf-Forschung (DZHK); Charite University, Berlin, Germany",No,Yes,RANDOMIZED,PARALLEL,INTERVENTIONAL,FALSE,1/1/3011,1/1/3011,FALSE,No,,No,,,6/10/2025,6/10/2025,6/10/2025,OTHER
40354799,"Efficacy and safety of low-dose IL-2 as an add-on therapy to riluzole (MIROCALS): a phase 2b, double-blind, randomised, placebo-controlled trial",Lancet,NCT03039673,,,No,,6/19/2017,6/19/2017,6/19/2017,ACTUAL,7/22/2021,7/22/2021,7/22/2021,ACTUAL,1/31/2017,1/31/2017,1/31/2017,1/31/2017,"No 633413 (OTHER_GRANT, EU Horizon 2020 research and innovation programme); PHRC-N, 14-0077, 2014 (OTHER_GRANT, the French Ministry of Health); Leigh/Jul15/971-797 (OTHER_GRANT, MND Association grant)",Centre Hospitalier Universitaire de Nīmes,OTHER,OTHER,,Centre Hospitalier Universitaire de Nīmes,No,Yes,RANDOMIZED,PARALLEL,INTERVENTIONAL,FALSE,1/1/3011,1/1/3011,FALSE,No,,No,,5/9/2025,5/24/2025,5/24/2025,5/9/2025,OTHER
39466903,Transcatheter Aortic-Valve Replacement for Asymptomatic Severe Aortic Stenosis,N Engl J Med,NCT03042104,https://clinicaltrials.gov/study/NCT03042104,Edwards Lifesciences,Yes,FALSE,7/12/2017,7/12/2017,7/12/2017,ACTUAL,3/31/2024,3/31/2024,3/31/2024,ACTUAL,2/1/2017,2/1/2017,2/1/2017,1/30/2017,,Edwards Lifesciences,INDUSTRY,INDUSTRY,,Edwards Lifesciences,No,Yes,RANDOMIZED,PARALLEL,INTERVENTIONAL,FALSE,1/1/3011,1/1/3011,FALSE,No,,No,,10/28/2024,1/16/2025,1/16/2025,10/28/2024,INDUSTRY
39555823,Colchicine in Acute Myocardial Infarction,N Engl J Med,NCT03048825,https://clinicaltrials.gov/study/NCT03048825,Population Health Research Institute,Yes,FALSE,2/1/2018,2/1/2018,2/1/2018,ACTUAL,8/9/2024,8/9/2024,8/9/2024,ACTUAL,2/7/2017,2/7/2017,2/7/2017,2/3/2017,"OASIS-9 (OTHER, Population Health Research Institute)",Population Health Research Institute,OTHER,OTHER,Boston Scientific Corporation; Canadian Institutes of Health Research (CIHR),Population Health Research Institute; Boston Scientific Corporation; Canadian Institutes of Health Research (CIHR),Yes,Yes,RANDOMIZED,FACTORIAL,INTERVENTIONAL,FALSE,1/1/3011,1/1/3011,FALSE,No,,No,,11/17/2024,2/13/2025,2/13/2025,11/17/2024,NIH
39466640,Early Intervention in Patients With Asymptomatic Severe Aortic Stenosis and Myocardial Fibrosis: The EVOLVED Randomized Clinical Trial,JAMA,NCT03094143,,,No,,7/21/2017,7/21/2017,7/21/2017,ACTUAL,7/1/2024,7/1/2024,7/1/2024,ACTUAL,3/22/2017,3/22/2017,3/22/2017,3/10/2017,,University of Edinburgh,OTHER,OTHER,Sir Jules Thorn Charitable Trust,University of Edinburgh; Sir Jules Thorn Charitable Trust,No,Yes,RANDOMIZED,PARALLEL,INTERVENTIONAL,FALSE,1/1/3011,1/1/3011,FALSE,No,,No,,,1/21/2025,1/21/2025,1/21/2025,OTHER
40174596,"Orbital atherectomy versus balloon angioplasty before drug-eluting stent implantation in severely calcified lesions eligible for both treatment strategies (ECLIPSE): a multicentre, open-label, randomised trial",Lancet,NCT03108456,https://clinicaltrials.gov/study/NCT03108456,Abbott Medical Devices,Yes,FALSE,3/27/2017,3/27/2017,3/27/2017,ACTUAL,6/12/2024,6/12/2024,6/12/2024,ESTIMATED,4/5/2017,4/5/2017,4/5/2017,2/17/2017,,Abbott Medical Devices,INDUSTRY,INDUSTRY,"Cardiovascular Research Foundation, New York","Abbott Medical Devices; Cardiovascular Research Foundation, New York",No,Yes,RANDOMIZED,PARALLEL,INTERVENTIONAL,FALSE,1/1/3011,1/1/3011,FALSE,No,,No,,3/30/2025,4/12/2025,4/12/2025,3/30/2025,INDUSTRY
40133524,Escitalopram for agitation in Alzheimer's dementia: a randomized controlled phase 3 trial,Nat Med,NCT03108846,https://clinicaltrials.gov/study/NCT03108846,JHSPH Center for Clinical Trials,Yes,FALSE,1/3/2018,1/3/2018,1/3/2018,ACTUAL,4/5/2024,4/5/2024,4/5/2024,ACTUAL,4/6/2017,4/6/2017,4/6/2017,4/6/2017,R01AG052510 (NIH),JHSPH Center for Clinical Trials,OTHER,OTHER,National Institute on Aging (NIA),JHSPH Center for Clinical Trials; National Institute on Aging (NIA),Yes,Yes,RANDOMIZED,PARALLEL,INTERVENTIONAL,FALSE,1/1/3011,1/1/3011,FALSE,No,,No,,3/25/2025,5/1/2025,5/1/2025,3/25/2025,NIH
40195451,Broad versus limited gene panels to guide treatment in patients with advanced solid tumors: a randomized controlled trial,Nat Med,NCT03163732,,,No,,6/29/2017,6/29/2017,6/29/2017,ACTUAL,11/23/2021,11/23/2021,11/23/2021,ACTUAL,5/22/2017,5/22/2017,5/22/2017,5/17/2017,,Centre Leon Berard,OTHER,OTHER,Roche Pharma AG,Centre Leon Berard; Roche Pharma AG,No,Yes,RANDOMIZED,PARALLEL,INTERVENTIONAL,FALSE,1/1/3011,1/1/3011,FALSE,No,,No,,4/7/2025,5/1/2025,5/1/2025,4/7/2025,OTHER
39798982,"Efficacy, safety, and target engagement of dazukibart, an IFNβ specific monoclonal antibody, in adults with dermatomyositis: a multicentre, double-blind, randomised, placebo-controlled, phase 2 trial",Lancet,NCT03181893,https://clinicaltrials.gov/study/NCT03181893,Pfizer,Yes,FALSE,1/23/2018,1/23/2018,1/23/2018,ACTUAL,5/27/2022,5/27/2022,5/27/2022,ACTUAL,6/7/2017,6/7/2017,6/7/2017,6/5/2017,2020-004228-41 (EUDRACT_NUMBER),Pfizer,INDUSTRY,INDUSTRY,,Pfizer,No,Yes,RANDOMIZED,CROSSOVER,INTERVENTIONAL,TRUE,9/14/2023,5/26/2023,TRUE,Yes,9/20/2021,Yes,6/9/2022,,1/11/2025,1/11/2025,1/11/2025,INDUSTRY
39908421,Collaborative and Stepped Care for Mental Disorders: Results of a Cluster-Randomized Controlled Trial in Outpatient Care (The COMET Study),Dtsch Arztebl Int,NCT03226743,,,No,,7/12/2018,7/12/2018,7/12/2018,ACTUAL,4/12/2021,4/12/2021,4/12/2021,ACTUAL,7/19/2017,7/19/2017,7/19/2017,7/10/2017,,Universitätsklinikum Hamburg-Eppendorf,OTHER,OTHER,Center for Health Care Research Hamburg; Hamburg Center for Health Economics,Universitätsklinikum Hamburg-Eppendorf; Center for Health Care Research Hamburg; Hamburg Center for Health Economics,No,Yes,RANDOMIZED,PARALLEL,INTERVENTIONAL,FALSE,1/1/3011,1/1/3011,FALSE,No,,No,,,3/7/2025,3/7/2025,3/7/2025,OTHER
39282902,Adjuvant Pembrolizumab versus Observation in Muscle-Invasive Urothelial Carcinoma,N Engl J Med,NCT03244384,https://clinicaltrials.gov/study/NCT03244384,National Cancer Institute (NCI),Yes,FALSE,11/3/2017,11/3/2017,11/3/2017,ACTUAL,6/1/2025,6/1/2025,6/1/2025,ESTIMATED,8/8/2017,8/8/2017,8/8/2017,8/7/2017,"NCI-2017-01425 (REGISTRY, CTRP (Clinical Trial Reporting Program)); A031501; A031501 (OTHER, Alliance for Clinical Trials in Oncology); A031501 (OTHER, CTEP); U10CA180821 (NIH)",National Cancer Institute (NCI),NIH,NIH,,National Cancer Institute (NCI),Yes,Yes,RANDOMIZED,PARALLEL,INTERVENTIONAL,FALSE,1/1/3011,1/1/3011,FALSE,No,,No,,9/15/2024,1/2/2025,1/2/2025,9/15/2024,NIH
39920394,Symptom monitoring with electronic patient-reported outcomes during cancer treatment: final results of the PRO-TECT cluster-randomized trial,Nat Med,NCT03249090,,,No,,10/30/2017,10/30/2017,10/30/2017,ACTUAL,3/30/2022,3/30/2022,3/30/2022,ACTUAL,8/10/2017,8/10/2017,8/10/2017,8/1/2017,,"Alliance Foundation Trials, LLC.",OTHER,OTHER,"Patient-Centered Outcomes Research Institute; University of North Carolina; Mayo Clinic; American Society of Clinical Oncology; American Cancer Society, Inc.; Dana-Farber Cancer Institute","Alliance Foundation Trials, LLC.; Patient-Centered Outcomes Research Institute; University of North Carolina; Mayo Clinic; American Society of Clinical Oncology; American Cancer Society, Inc.; Dana-Farber Cancer Institute",No,Yes,RANDOMIZED,PARALLEL,INTERVENTIONAL,TRUE,1/14/2025,1/10/2025,TRUE,Yes,12/5/2020,Yes,9/30/2022,2/7/2025,4/1/2025,4/1/2025,2/7/2025,OTHER
40023651,"Extended treatment of venous thromboembolism with reduced-dose versus full-dose direct oral anticoagulants in patients at high risk of recurrence: a non-inferiority, multicentre, randomised, open-label, blinded endpoint trial",Lancet,NCT03285438,,,No,,11/2/2017,11/2/2017,11/2/2017,ACTUAL,11/8/2023,11/8/2023,11/8/2023,ACTUAL,9/14/2017,9/14/2017,9/14/2017,9/14/2017,,"University Hospital, Brest",OTHER,OTHER,University Hospital of Saint-Etienne,"University Hospital, Brest; University Hospital of Saint-Etienne",No,Yes,RANDOMIZED,PARALLEL,INTERVENTIONAL,FALSE,1/1/3011,1/1/3011,FALSE,No,,No,,,3/1/2025,3/1/2025,3/1/2025,OTHER
39652675,Daratumumab or Active Monitoring for High-Risk Smoldering Multiple Myeloma,N Engl J Med,NCT03301220,https://clinicaltrials.gov/study/NCT03301220,"Janssen Research & Development, LLC",Yes,FALSE,11/7/2017,11/7/2017,11/7/2017,ACTUAL,5/1/2024,5/1/2024,5/1/2024,ACTUAL,9/29/2017,9/29/2017,9/29/2017,9/29/2017,"54767414SMM3001 (OTHER, Janssen Research & Development, LLC); 2016-001205-16 (EUDRACT_NUMBER); 2023-507143-11-00 (REGISTRY, EUCT number)","Janssen Research & Development, LLC",INDUSTRY,INDUSTRY,,"Janssen Research & Development, LLC",No,Yes,RANDOMIZED,PARALLEL,INTERVENTIONAL,FALSE,1/1/3011,1/1/3011,FALSE,No,,No,,12/9/2024,5/8/2025,5/8/2025,12/9/2024,INDUSTRY
39655786,Liberal or Restrictive Transfusion Strategy in Aneurysmal Subarachnoid Hemorrhage,N Engl J Med,NCT03309579,,,No,,2/12/2018,2/12/2018,2/12/2018,ACTUAL,7/10/2024,7/10/2024,7/10/2024,ACTUAL,10/10/2017,10/10/2017,10/10/2017,10/10/2017,,Ottawa Hospital Research Institute,OTHER,OTHER,Canadian Institutes of Health Research (CIHR),Ottawa Hospital Research Institute; Canadian Institutes of Health Research (CIHR),No,Yes,RANDOMIZED,PARALLEL,INTERVENTIONAL,FALSE,1/1/3011,1/1/3011,FALSE,Yes,9/3/2020,Yes,9/13/2024,12/9/2024,3/13/2025,3/13/2025,12/9/2024,OTHER
40294395,Extended Caffeine for Apnea in Moderately Preterm Infants: The MoCHA Randomized Clinical Trial,JAMA,NCT03340727,https://clinicaltrials.gov/study/NCT03340727,NICHD Neonatal Research Network,Yes,FALSE,2/27/2019,2/27/2019,2/27/2019,ACTUAL,1/23/2023,1/23/2023,1/23/2023,ACTUAL,11/8/2017,11/8/2017,11/8/2017,11/3/2017,UG1HD034216 (NIH); UG1HD027904 (NIH); UG1HD021364 (NIH); UG1HD027853 (NIH); UG1HD040689 (NIH); UG1HD040492 (NIH); UG1HD027851 (NIH); UG1HD087229 (NIH); UG1HD053109 (NIH); UG1HD068278 (NIH); UG1HD068244 (NIH); UG1HD068263 (NIH); UG1HD027880 (NIH); UG1HD053089 (NIH); UG1HD087226 (NIH); U10HD036790 (NIH),NICHD Neonatal Research Network,NETWORK,NETWORK,Eunice Kennedy Shriver National Institute of Child Health and Human Development (NICHD),NICHD Neonatal Research Network; Eunice Kennedy Shriver National Institute of Child Health and Human Development (NICHD),Yes,Yes,RANDOMIZED,PARALLEL,INTERVENTIONAL,TRUE,6/28/2024,5/7/2024,TRUE,Yes,12/16/2021,Yes,12/12/2022,,6/24/2025,6/24/2025,6/24/2025,NIH
39282913,Phase 3 Trial of Cabozantinib to Treat Advanced Neuroendocrine Tumors,N Engl J Med,NCT03375320,https://clinicaltrials.gov/study/NCT03375320,National Cancer Institute (NCI),Yes,FALSE,10/26/2018,10/26/2018,10/26/2018,ACTUAL,8/23/2023,8/23/2023,8/23/2023,ACTUAL,12/15/2017,12/15/2017,12/15/2017,12/15/2017,"NCI-2017-02297 (REGISTRY, CTRP (Clinical Trial Reporting Program)); A021602 (OTHER, Alliance for Clinical Trials in Oncology); A021602 (OTHER, CTEP); U10CA180821 (NIH)",National Cancer Institute (NCI),NIH,NIH,,National Cancer Institute (NCI),Yes,Yes,RANDOMIZED,PARALLEL,INTERVENTIONAL,TRUE,10/16/2024,8/20/2024,TRUE,Yes,12/7/2022,Yes,12/7/2022,9/16/2024,2/13/2025,2/13/2025,9/16/2024,NIH
40163873,The Effect of 4:3 Intermittent Fasting on Weight Loss at 12 Months : A Randomized Clinical Trial,Ann Intern Med,NCT03411356,,,No,,12/22/2017,12/22/2017,12/22/2017,ACTUAL,8/5/2022,8/5/2022,8/5/2022,ACTUAL,1/18/2018,1/18/2018,1/18/2018,1/4/2018,R01DK111622-01A1 (NIH),"University of Colorado, Denver",OTHER,OTHER,National Institute of Diabetes and Digestive and Kidney Diseases (NIDDK),"University of Colorado, Denver; National Institute of Diabetes and Digestive and Kidney Diseases (NIDDK)",Yes,Yes,RANDOMIZED,PARALLEL,INTERVENTIONAL,FALSE,1/1/3011,1/1/3011,FALSE,No,,No,,4/1/2025,5/1/2025,5/1/2025,4/1/2025,NIH
39813042,Palliative Care Initiated in the Emergency Department: A Cluster Randomized Clinical Trial,JAMA,NCT03424109,,,No,,7/1/2019,7/1/2019,7/1/2019,ACTUAL,12/31/2022,12/31/2022,12/31/2022,ACTUAL,2/5/2018,2/5/2018,2/5/2018,1/30/2018,5UH3AT009844 (NIH),NYU Langone Health,OTHER,OTHER,National Center for Complementary and Integrative Health (NCCIH); National Institutes of Health (NIH); Memorial Sloan Kettering Cancer Center,NYU Langone Health; National Center for Complementary and Integrative Health (NCCIH); National Institutes of Health (NIH); Memorial Sloan Kettering Cancer Center,Yes,,,,OBSERVATIONAL,TRUE,6/22/2025,6/4/2025,TRUE,Yes,10/30/2022,Yes,10/30/2022,,2/18/2025,2/18/2025,2/18/2025,NIH
40079940,Adjuvant PD-1 Blockade With Camrelizumab for Nasopharyngeal Carcinoma: The DIPPER Randomized Clinical Trial,JAMA,NCT03427827,,,No,,7/2/2018,7/2/2018,7/2/2018,ACTUAL,2/6/2024,2/6/2024,2/6/2024,ACTUAL,2/3/2018,2/3/2018,2/3/2018,2/3/2018,,Sun Yat-sen University,OTHER,OTHER,,Sun Yat-sen University,No,Yes,RANDOMIZED,PARALLEL,INTERVENTIONAL,FALSE,1/1/3011,1/1/3011,FALSE,No,,No,,,5/13/2025,5/13/2025,5/13/2025,OTHER
40079944,Atezolizumab in High-Risk Locally Advanced Squamous Cell Carcinoma of the Head and Neck: A Randomized Clinical Trial,JAMA,NCT03452137,https://clinicaltrials.gov/study/NCT03452137,Hoffmann-La Roche,Yes,FALSE,4/3/2018,4/3/2018,4/3/2018,ACTUAL,9/27/2023,9/27/2023,9/27/2023,ACTUAL,2/28/2018,2/28/2018,2/28/2018,2/25/2018,2017-003302-40 (EUDRACT_NUMBER),Hoffmann-La Roche,INDUSTRY,INDUSTRY,,Hoffmann-La Roche,No,Yes,RANDOMIZED,PARALLEL,INTERVENTIONAL,TRUE,10/9/2024,9/16/2024,TRUE,Yes,2/24/2023,Yes,3/30/2022,,5/13/2025,5/13/2025,5/13/2025,INDUSTRY
39540799,Tenofovir and Hepatitis B Virus Transmission During Pregnancy: A Randomized Clinical Trial,JAMA,NCT03476083,https://clinicaltrials.gov/study/NCT03476083,New Discovery LLC,Yes,FALSE,6/10/2018,6/10/2018,6/10/2018,ACTUAL,2021-05,5/1/2021,5/16/2021,ESTIMATED,3/22/2018,3/22/2018,3/22/2018,3/18/2018,"(2018) 462 No: HGRSL20180412 (OTHER, Ministry of Science and Technology of China, HGRM Office)",New Discovery LLC,INDUSTRY,INDUSTRY,,New Discovery LLC,No,Yes,RANDOMIZED,PARALLEL,INTERVENTIONAL,FALSE,1/1/3011,1/1/3011,FALSE,No,,No,,,2/4/2025,2/4/2025,2/4/2025,INDUSTRY
40258956,"Blood pressure reduction and all-cause dementia in people with uncontrolled hypertension: an open-label, blinded-endpoint, cluster-randomized trial",Nat Med,NCT03527719,,,No,,5/8/2018,5/8/2018,5/8/2018,ACTUAL,2026-01,1/1/2026,1/16/2026,ESTIMATED,5/4/2018,5/4/2018,5/4/2018,4/22/2018,,First Hospital of China Medical University,OTHER,OTHER,Tulane University; First Affiliated Hospital Xi'an Jiaotong University; Tongji Hospital; Disease Control and Prevention Centre of Liaoning Province; Chaoyang Central Hospital; Hanzhong People's Hospital; Disease Control and Prevention Centre of Chaoyang City; Shengjing Hospital,First Hospital of China Medical University; Tulane University; First Affiliated Hospital Xi'an Jiaotong University; Tongji Hospital; Disease Control and Prevention Centre of Liaoning Province; Chaoyang Central Hospital; Hanzhong People's Hospital; Disease Control and Prevention Centre of Chaoyang City; Shengjing Hospital,Yes,Yes,RANDOMIZED,PARALLEL,INTERVENTIONAL,FALSE,1/1/3011,1/1/3011,FALSE,No,,No,,4/21/2025,6/1/2025,6/1/2025,4/21/2025,NIH
39453837,Long-Term Effects of Empagliflozin in Patients with Chronic Kidney Disease,N Engl J Med,NCT03594110,https://clinicaltrials.gov/study/NCT03594110,Boehringer Ingelheim,Yes,FALSE,1/31/2019,1/31/2019,1/31/2019,ACTUAL,7/5/2022,7/5/2022,7/5/2022,ACTUAL,7/10/2018,7/10/2018,7/10/2018,7/10/2018,2017-002971-24 (EUDRACT_NUMBER),Boehringer Ingelheim,INDUSTRY,INDUSTRY,University of Oxford; Eli Lilly and Company,Boehringer Ingelheim; University of Oxford; Eli Lilly and Company,No,Yes,RANDOMIZED,PARALLEL,INTERVENTIONAL,TRUE,7/27/2023,6/30/2023,TRUE,Yes,3/2/2019,Yes,6/20/2022,10/25/2024,2/20/2025,2/20/2025,10/25/2024,INDUSTRY
39657981,High-Flow Nasal Oxygen vs Noninvasive Ventilation in Patients With Acute Respiratory Failure: The RENOVATE Randomized Clinical Trial,JAMA,NCT03643939,,,No,,11/1/2019,11/1/2019,11/1/2019,ACTUAL,11/30/2023,11/30/2023,11/30/2023,ACTUAL,8/21/2018,8/21/2018,8/21/2018,8/21/2018,,Hospital do Coracao,OTHER,OTHER,"Ministry of Health, Brazil; Berry Consultants","Hospital do Coracao; Ministry of Health, Brazil; Berry Consultants",No,Yes,RANDOMIZED,PARALLEL,INTERVENTIONAL,FALSE,1/1/3011,1/1/3011,FALSE,No,,Yes,3/13/2023,,3/11/2025,3/11/2025,3/11/2025,OTHER
39910273,"Daratumumab plus bortezomib, lenalidomide and dexamethasone for transplant-ineligible or transplant-deferred newly diagnosed multiple myeloma: the randomized phase 3 CEPHEUS trial",Nat Med,NCT03652064,https://clinicaltrials.gov/study/NCT03652064,"Janssen Research & Development, LLC",Yes,FALSE,11/6/2018,11/6/2018,11/6/2018,ACTUAL,5/7/2024,5/7/2024,5/7/2024,ACTUAL,8/28/2018,8/28/2018,8/28/2018,8/17/2018,"54767414MMY3019 (OTHER, Janssen Research & Development, LLC); 2018-001545-13 (EUDRACT_NUMBER); 2023-507312-13-00 (REGISTRY, EUCT number)","Janssen Research & Development, LLC",INDUSTRY,INDUSTRY,,"Janssen Research & Development, LLC",No,Yes,RANDOMIZED,PARALLEL,INTERVENTIONAL,FALSE,1/1/3011,1/1/3011,FALSE,No,,No,,2/5/2025,4/1/2025,4/1/2025,2/5/2025,INDUSTRY
40162636,Extended Reduced-Dose Apixaban for Cancer-Associated Venous Thromboembolism,N Engl J Med,NCT03692065,,,No,,10/11/2018,10/11/2018,10/11/2018,ACTUAL,9/6/2024,9/6/2024,9/6/2024,ACTUAL,10/1/2018,10/1/2018,10/1/2018,9/28/2018,,Assistance Publique - Hôpitaux de Paris,OTHER,OTHER,Bristol-Myers Squibb,Assistance Publique - Hôpitaux de Paris; Bristol-Myers Squibb,No,Yes,RANDOMIZED,PARALLEL,INTERVENTIONAL,FALSE,1/1/3011,1/1/3011,FALSE,No,,No,,3/29/2025,4/10/2025,4/10/2025,3/29/2025,OTHER
39838117,"Pembrolizumab and chemotherapy in high-risk, early-stage, ER(+)/HER2(-) breast cancer: a randomized phase 3 trial",Nat Med,NCT03725059,https://clinicaltrials.gov/study/NCT03725059,Merck Sharp & Dohme LLC,Yes,FALSE,12/27/2018,12/27/2018,12/27/2018,ACTUAL,1/24/1931,1/24/2031,1/24/1931,ESTIMATED,10/29/2018,10/29/2018,10/29/2018,10/29/2018,"MK-3475-756 (OTHER, MSD); 194604 (REGISTRY, Japic-CTI); KEYNOTE-756 (OTHER, MSD); 2023-506921-12-00 (REGISTRY, EU CT); jRCT2080224535 (OTHER, jRCT); U1111-1294-6352 (REGISTRY, UTN); 2017-004869-27 (EUDRACT_NUMBER)",Merck Sharp & Dohme LLC,INDUSTRY,INDUSTRY,,Merck Sharp & Dohme LLC,No,Yes,RANDOMIZED,PARALLEL,INTERVENTIONAL,FALSE,1/1/3011,1/1/3011,FALSE,No,,No,,1/21/2025,2/1/2025,2/1/2025,1/21/2025,INDUSTRY
40174237,A Phase 3 Trial of Upadacitinib for Giant-Cell Arteritis,N Engl J Med,NCT03725202,https://clinicaltrials.gov/study/NCT03725202,AbbVie,Yes,FALSE,2/6/2019,2/6/2019,2/6/2019,ACTUAL,2/6/2024,2/6/2024,2/6/2024,ACTUAL,10/27/2018,10/27/2018,10/27/2018,10/27/2018,"2023-505476-29-00 (OTHER, EU CT); 2017-003978-13 (EUDRACT_NUMBER)",AbbVie,INDUSTRY,INDUSTRY,,AbbVie,No,Yes,RANDOMIZED,PARALLEL,INTERVENTIONAL,TRUE,3/7/2025,1/30/2025,TRUE,Yes,5/31/2023,Yes,2/14/2024,4/2/2025,5/29/2025,5/29/2025,4/2/2025,INDUSTRY
40412428,"Safety and efficacy of low-intensity versus standard monitoring following intravenous thrombolytic treatment in patients with acute ischaemic stroke (OPTIMISTmain): an international, pragmatic, stepped-wedge, cluster-randomised, controlled non-inferiority trial",Lancet,NCT03734640,,,No,,4/28/2021,4/28/2021,4/28/2021,ACTUAL,12/1/2024,12/1/2024,12/1/2024,ACTUAL,11/6/2018,11/6/2018,11/6/2018,11/6/2018,,Craig Anderson,OTHER,OTHER,"Genentech, Inc.; Johns Hopkins University; The George Institute for Global Health, Australia","Craig Anderson; Genentech, Inc.; Johns Hopkins University; The George Institute for Global Health, Australia",No,Yes,RANDOMIZED,SEQUENTIAL,INTERVENTIONAL,FALSE,1/1/3011,1/1/3011,FALSE,No,,No,,5/21/2025,5/31/2025,5/31/2025,5/21/2025,OTHER
40412426,"ACURATE neo2 valve versus commercially available transcatheter heart valves in patients with severe aortic stenosis (ACURATE IDE): a multicentre, randomised, controlled, non-inferiority trial",Lancet,NCT03735667,https://clinicaltrials.gov/study/NCT03735667,Boston Scientific Corporation,Yes,FALSE,6/10/2019,6/10/2019,6/10/2019,ACTUAL,6/14/2024,6/14/2024,6/14/2024,ACTUAL,11/7/2018,11/7/2018,11/7/2018,11/6/2018,,Boston Scientific Corporation,INDUSTRY,INDUSTRY,,Boston Scientific Corporation,Yes,Yes,RANDOMIZED,PARALLEL,INTERVENTIONAL,TRUE,4/27/2025,2/24/2025,TRUE,Yes,1/20/2023,Yes,9/15/2023,5/21/2025,6/7/2025,6/7/2025,5/21/2025,NIH
39878993,Palliative Care Program for Community-Dwelling Individuals With Dementia and Caregivers: The IN-PEACE Randomized Clinical Trial,JAMA,NCT03773757,,,No,,3/14/2019,3/14/2019,3/14/2019,ACTUAL,1/7/2023,1/7/2023,1/7/2023,ACTUAL,12/11/2018,12/11/2018,12/11/2018,11/21/2018,1R01AG057733-01A1 (NIH),Indiana University,OTHER,OTHER,"Regenstrief Institute, Inc.; National Institute on Aging (NIA)","Indiana University; Regenstrief Institute, Inc.; National Institute on Aging (NIA)",Yes,Yes,RANDOMIZED,PARALLEL,INTERVENTIONAL,TRUE,5/16/2024,5/6/2024,TRUE,Yes,4/10/2020,Yes,4/10/2020,,3/18/2025,3/18/2025,3/18/2025,NIH
39798579,"Durvalumab with or without bevacizumab with transarterial chemoembolisation in hepatocellular carcinoma (EMERALD-1): a multiregional, randomised, double-blind, placebo-controlled, phase 3 study",Lancet,NCT03778957,https://clinicaltrials.gov/study/NCT03778957,AstraZeneca,Yes,FALSE,11/30/2018,11/30/2018,11/30/2018,ACTUAL,9/11/2023,9/11/2023,9/11/2023,ACTUAL,12/17/2018,12/17/2018,12/17/2018,11/28/2018,"2023-509053-32-00 (REGISTRY, CTIS (EU)); 2018-002134-20 (EUDRACT_NUMBER)",AstraZeneca,INDUSTRY,INDUSTRY,,AstraZeneca,No,Yes,RANDOMIZED,PARALLEL,INTERVENTIONAL,FALSE,1/1/3011,1/1/3011,FALSE,No,,No,,1/8/2025,1/18/2025,1/18/2025,1/8/2025,INDUSTRY
40055520,Anti-obesity medication for weight loss in early nonresponders to behavioral treatment: a randomized controlled trial,Nat Med,NCT03779048,https://clinicaltrials.gov/study/NCT03779048,University of Pennsylvania,Yes,FALSE,7/15/2019,7/15/2019,7/15/2019,ACTUAL,5/25/2022,5/25/2022,5/25/2022,ACTUAL,12/13/2018,12/13/2018,12/13/2018,12/5/2018,,University of Pennsylvania,OTHER,OTHER,National Institute of Diabetes and Digestive and Kidney Diseases (NIDDK),University of Pennsylvania; National Institute of Diabetes and Digestive and Kidney Diseases (NIDDK),Yes,Yes,RANDOMIZED,PARALLEL,INTERVENTIONAL,TRUE,3/11/2025,5/9/2023,TRUE,Yes,5/5/2021,Yes,5/5/2021,3/7/2025,5/1/2025,5/1/2025,3/7/2025,NIH
39908052,Simvastatin and Rifaximin in Decompensated Cirrhosis: A Randomized Clinical Trial,JAMA,NCT03780673,,,No,,1/3/2019,1/3/2019,1/3/2019,ACTUAL,12/1/2022,12/1/2022,12/1/2022,ACTUAL,12/17/2018,12/17/2018,12/17/2018,11/29/2018,,Judit Pich,OTHER,OTHER,,Judit Pich,No,Yes,RANDOMIZED,PARALLEL,INTERVENTIONAL,FALSE,1/1/3011,1/1/3011,FALSE,No,,No,,,3/11/2025,3/11/2025,3/11/2025,OTHER
39878968,"Health System, Community-Based, or Usual Dementia Care for Persons With Dementia and Caregivers: The D-CARE Randomized Clinical Trial",JAMA,NCT03786471,,,No,,6/28/2019,6/28/2019,6/28/2019,ACTUAL,8/21/2023,8/21/2023,8/21/2023,ACTUAL,12/21/2018,12/21/2018,12/21/2018,12/17/2018,"R01AG061078-01 (NIH); PCS-2017C1-6534 (OTHER_GRANT, Patient-Centered Outcomes Research Institute (PCORI))","University of California, Los Angeles",OTHER,OTHER,Patient-Centered Outcomes Research Institute; National Institute on Aging (NIA); Yale University; Benjamin Rose Institute on Aging; Baylor Scott and White Health; Wake Forest University Health Sciences; University of Texas; Geisinger Clinic; University of Oklahoma; RAND,"University of California, Los Angeles; Patient-Centered Outcomes Research Institute; National Institute on Aging (NIA); Yale University; Benjamin Rose Institute on Aging; Baylor Scott and White Health; Wake Forest University Health Sciences; University of Texas; Geisinger Clinic; University of Oklahoma; RAND",Yes,Yes,RANDOMIZED,PARALLEL,INTERVENTIONAL,TRUE,1/30/2025,1/7/2025,TRUE,Yes,7/1/2024,Yes,4/9/2024,,3/18/2025,3/18/2025,3/18/2025,NIH
39555822,Left Atrial Appendage Closure after Ablation for Atrial Fibrillation,N Engl J Med,NCT03795298,https://clinicaltrials.gov/study/NCT03795298,Boston Scientific Corporation,Yes,FALSE,5/20/2019,5/20/2019,5/20/2019,ACTUAL,7/24/2024,7/24/2024,7/24/2024,ACTUAL,1/3/2019,1/3/2019,1/3/2019,1/2/2019,,Boston Scientific Corporation,INDUSTRY,INDUSTRY,,Boston Scientific Corporation,Yes,Yes,RANDOMIZED,PARALLEL,INTERVENTIONAL,TRUE,9/18/2025,7/16/2025,TRUE,Yes,1/19/2022,Yes,1/12/2024,11/16/2024,4/3/2025,4/3/2025,11/16/2024,NIH
39992668,First-Line Sugemalimab Plus Chemotherapy for Advanced Gastric Cancer: The GEMSTONE-303 Randomized Clinical Trial,JAMA,NCT03802591,,,No,,3/28/2019,3/28/2019,3/28/2019,ACTUAL,7/9/2023,7/9/2023,7/9/2023,ACTUAL,1/11/2019,1/11/2019,1/11/2019,1/11/2019,,CStone Pharmaceuticals,INDUSTRY,INDUSTRY,,CStone Pharmaceuticals,No,Yes,RANDOMIZED,PARALLEL,INTERVENTIONAL,FALSE,1/1/3011,1/1/3011,FALSE,No,,No,,,4/15/2025,4/15/2025,4/15/2025,INDUSTRY
39555827,Intensive Blood-Pressure Control in Patients with Type 2 Diabetes,N Engl J Med,NCT03808311,,,No,,2/24/2019,2/24/2019,2/24/2019,ACTUAL,5/31/2024,5/31/2024,5/31/2024,ACTUAL,1/15/2019,1/15/2019,1/15/2019,12/16/2018,,Shanghai Jiao Tong University School of Medicine,OTHER,OTHER,,Shanghai Jiao Tong University School of Medicine,No,Yes,RANDOMIZED,PARALLEL,INTERVENTIONAL,FALSE,1/1/3011,1/1/3011,FALSE,No,,No,,11/16/2024,3/27/2025,3/27/2025,11/16/2024,OTHER
39863370,"Stopping of adalimumab in juvenile idiopathic arthritis-associated uveitis (ADJUST): a multicentre, double-masked, randomised controlled trial",Lancet,NCT03816397,https://clinicaltrials.gov/study/NCT03816397,Nisha Acharya,Yes,FALSE,3/15/2020,3/15/2020,3/15/2020,ACTUAL,1/23/2025,1/23/2025,1/23/2025,ACTUAL,1/22/2019,1/22/2019,1/22/2019,1/22/2019,UG1EY029658 (NIH),Nisha Acharya,OTHER,OTHER,"Children's Hospital of Philadelphia; Children's Hospital Medical Center, Cincinnati; Children's Mercy Hospital Kansas City; National Eye Institute (NEI); Great Ormond Street Hospital for Children NHS Foundation Trust; University Hospitals Bristol and Weston NHS Foundation Trust; Alder Hey Children's NHS Foundation Trust; Newcastle-upon-Tyne Hospitals NHS Trust; Sheffield Children's NHS Foundation Trust; Cambridge University Hospitals NHS Foundation Trust; Royal Children's Hospital; Norfolk and Norwich University Hospitals NHS Foundation Trust; Vanderbilt University Medical Center; University of California, Davis; University of Texas at Austin; University of Miami; University Hospitals, Leicester; University of Utah; Colorado Retina Associates; Manchester University NHS Foundation Trust","Nisha Acharya; Children's Hospital of Philadelphia; Children's Hospital Medical Center, Cincinnati; Children's Mercy Hospital Kansas City; National Eye Institute (NEI); Great Ormond Street Hospital for Children NHS Foundation Trust; University Hospitals Bristol and Weston NHS Foundation Trust; Alder Hey Children's NHS Foundation Trust; Newcastle-upon-Tyne Hospitals NHS Trust; Sheffield Children's NHS Foundation Trust; Cambridge University Hospitals NHS Foundation Trust; Royal Children's Hospital; Norfolk and Norwich University Hospitals NHS Foundation Trust; Vanderbilt University Medical Center; University of California, Davis; University of Texas at Austin; University of Miami; University Hospitals, Leicester; University of Utah; Colorado Retina Associates; Manchester University NHS Foundation Trust",Yes,Yes,RANDOMIZED,PARALLEL,INTERVENTIONAL,TRUE,3/26/2025,2/5/2025,TRUE,Yes,2/14/2024,Yes,2/14/2024,,1/25/2025,1/25/2025,1/25/2025,NIH
39920395,"Telemedicine-supported lifestyle intervention for glycemic control in patients with CHD and T2DM: multicenter, randomized controlled trial",Nat Med,NCT03835923,,,No,,2/12/2019,2/12/2019,2/12/2019,ACTUAL,12/16/2020,12/16/2020,12/16/2020,ACTUAL,2/7/2019,2/7/2019,2/7/2019,2/1/2019,"DRKS00015140 (REGISTRY, German Clinical Trials Register)",Techniker Krankenkasse,OTHER,OTHER,Technical University of Munich; privates Institut für angewandte Versorgungsforschung GmbH; IDS Diagnostic Systems AG; Federal Joint Committee,Techniker Krankenkasse; Technical University of Munich; privates Institut für angewandte Versorgungsforschung GmbH; IDS Diagnostic Systems AG; Federal Joint Committee,No,Yes,RANDOMIZED,PARALLEL,INTERVENTIONAL,FALSE,1/1/3011,1/1/3011,FALSE,No,,No,,2/7/2025,4/1/2025,4/1/2025,2/7/2025,OTHER
39976417,Fixed-Duration Acalabrutinib Combinations in Untreated Chronic Lymphocytic Leukemia,N Engl J Med,NCT03836261,https://clinicaltrials.gov/study/NCT03836261,Acerta Pharma BV,Yes,FALSE,2/25/2019,2/25/2019,2/25/2019,ACTUAL,1/31/2027,1/31/2027,1/31/2027,ESTIMATED,2/8/2019,2/8/2019,2/8/2019,2/6/2019,"D8221C00001 (OTHER, AstraZeneca); 2023-509349-11-00 (REGISTRY, CTIS (EU)); 2018-002443-28 (EUDRACT_NUMBER)",Acerta Pharma BV,INDUSTRY,INDUSTRY,AstraZeneca,Acerta Pharma BV; AstraZeneca,No,Yes,RANDOMIZED,PARALLEL,INTERVENTIONAL,FALSE,1/1/3011,1/1/3011,FALSE,No,,No,,2/5/2025,2/20/2025,2/20/2025,2/5/2025,INDUSTRY
40175738,Real-time surveillance system for patient deterioration: a pragmatic cluster-randomized controlled trial,Nat Med,NCT03911687,,,No,,7/21/2020,7/21/2020,7/21/2020,ACTUAL,10/31/2022,10/31/2022,10/31/2022,ACTUAL,4/9/2019,4/9/2019,4/9/2019,2/28/2019,R01NR016941 (NIH),Columbia University,OTHER,OTHER,National Institute of Nursing Research (NINR); Brigham and Women's Hospital,Columbia University; National Institute of Nursing Research (NINR); Brigham and Women's Hospital,Yes,Yes,RANDOMIZED,SEQUENTIAL,INTERVENTIONAL,TRUE,5/9/2025,4/23/2025,TRUE,Yes,11/11/2016,Yes,11/11/2016,4/2/2025,6/1/2025,6/1/2025,4/2/2025,NIH
40162642,Oral Semaglutide and Cardiovascular Outcomes in High-Risk Type 2 Diabetes,N Engl J Med,NCT03914326,https://clinicaltrials.gov/study/NCT03914326,Novo Nordisk A/S,Yes,FALSE,6/17/2019,6/17/2019,6/17/2019,ACTUAL,6/29/2024,6/29/2024,6/29/2024,ACTUAL,4/11/2019,4/11/2019,4/11/2019,4/11/2019,"2018-003141-42 (REGISTRY, European Medicines Agency (EudraCT)); U1111-1218-5368 (OTHER, World Health Organization (WHO))",Novo Nordisk A/S,INDUSTRY,INDUSTRY,,Novo Nordisk A/S,No,Yes,RANDOMIZED,PARALLEL,INTERVENTIONAL,TRUE,9/22/2025,8/10/2025,TRUE,Yes,1/26/2021,Yes,12/14/2022,3/29/2025,5/29/2025,5/29/2025,3/29/2025,INDUSTRY
40044930,Pembrolizumab plus chemotherapy in advanced or recurrent endometrial cancer: overall survival and exploratory analyses of the NRG GY018 phase 3 randomized trial,Nat Med,NCT03914612,https://clinicaltrials.gov/study/NCT03914612,National Cancer Institute (NCI),Yes,FALSE,8/22/2019,8/22/2019,8/22/2019,ACTUAL,12/16/2022,12/16/2022,12/16/2022,ACTUAL,4/12/2019,4/12/2019,4/12/2019,4/12/2019,"NCI-2019-02186 (REGISTRY, CTRP (Clinical Trial Reporting Program)); NRG-GY018 (OTHER, NRG Oncology); NRG-GY018 (OTHER, CTEP); U10CA180868 (NIH)",National Cancer Institute (NCI),NIH,NIH,Canadian Cancer Trials Group; NRG Oncology,National Cancer Institute (NCI); Canadian Cancer Trials Group; NRG Oncology,Yes,Yes,RANDOMIZED,PARALLEL,INTERVENTIONAL,TRUE,3/18/2025,1/9/2024,TRUE,Yes,2/24/2023,Yes,2/24/2023,3/5/2025,5/1/2025,5/1/2025,3/5/2025,NIH
39651791,Blinatumomab in Standard-Risk B-Cell Acute Lymphoblastic Leukemia in Children,N Engl J Med,NCT03914625,https://clinicaltrials.gov/study/NCT03914625,National Cancer Institute (NCI),Yes,FALSE,7/3/2019,7/3/2019,7/3/2019,ACTUAL,9/30/2027,9/30/2027,9/30/2027,ESTIMATED,4/12/2019,4/12/2019,4/12/2019,4/12/2019,"NCI-2019-02187 (REGISTRY, CTRP (Clinical Trial Reporting Program)); AALL1731 (OTHER, Children's Oncology Group); AALL1731 (OTHER, CTEP); U10CA180886 (NIH)",National Cancer Institute (NCI),NIH,NIH,,National Cancer Institute (NCI),Yes,Yes,RANDOMIZED,PARALLEL,INTERVENTIONAL,FALSE,1/1/3011,1/1/3011,FALSE,No,,No,,12/7/2024,2/27/2025,2/27/2025,12/7/2024,NIH
40163863,Patient Navigation to Improve Colonoscopy Completion After an Abnormal Stool Test Result : A Randomized Controlled Trial,Ann Intern Med,NCT03925883,,,No,,7/29/2019,7/29/2019,7/29/2019,ACTUAL,6/5/2023,6/5/2023,6/5/2023,ACTUAL,4/22/2019,4/22/2019,4/22/2019,4/11/2019,R01CA218923 (NIH),Kaiser Permanente,OTHER,OTHER,National Cancer Institute (NCI); Sea Mar Community Health Centers,Kaiser Permanente; National Cancer Institute (NCI); Sea Mar Community Health Centers,Yes,Yes,RANDOMIZED,CROSSOVER,INTERVENTIONAL,FALSE,1/1/3011,1/1/3011,FALSE,Yes,12/4/2022,Yes,2/15/2024,4/1/2025,5/1/2025,5/1/2025,4/1/2025,NIH
40267424,Efficacy of Baloxavir Treatment in Preventing Transmission of Influenza,N Engl J Med,NCT03969212,https://clinicaltrials.gov/study/NCT03969212,Hoffmann-La Roche,Yes,FALSE,10/10/2019,10/10/2019,10/10/2019,ACTUAL,5/10/2024,5/10/2024,5/10/2024,ACTUAL,5/29/2019,5/29/2019,5/29/2019,5/29/2019,2018-004056-37 (EUDRACT_NUMBER),Hoffmann-La Roche,INDUSTRY,INDUSTRY,,Hoffmann-La Roche,No,Yes,RANDOMIZED,PARALLEL,INTERVENTIONAL,TRUE,4/24/2025,2/21/2025,TRUE,Yes,3/29/2022,Yes,8/6/2024,,4/24/2025,4/24/2025,4/24/2025,INDUSTRY
39621340,Personalized Patient Data and Behavioral Nudges to Improve Adherence to Chronic Cardiovascular Medications: A Randomized Pragmatic Trial,JAMA,NCT03973931,,,No,,7/1/2019,7/1/2019,7/1/2019,ACTUAL,5/25/2023,5/25/2023,5/25/2023,ACTUAL,6/3/2019,6/3/2019,6/3/2019,5/31/2019,UH3HL144163 (NIH),"University of Colorado, Denver",OTHER,OTHER,"National Heart, Lung, and Blood Institute (NHLBI)","University of Colorado, Denver; National Heart, Lung, and Blood Institute (NHLBI)",Yes,Yes,RANDOMIZED,PARALLEL,INTERVENTIONAL,TRUE,4/2/2025,3/13/2025,TRUE,Yes,5/23/2023,Yes,5/23/2023,,1/7/2025,1/7/2025,1/7/2025,NIH
39363100,Impact of doxycycline post-exposure prophylaxis for sexually transmitted infections on the gut microbiome and antimicrobial resistome,Nat Med,NCT03980223,https://clinicaltrials.gov/study/NCT03980223,"University of California, San Francisco",Yes,FALSE,11/26/2019,11/26/2019,11/26/2019,ACTUAL,6/12/2023,6/12/2023,6/12/2023,ACTUAL,6/6/2019,6/6/2019,6/6/2019,6/6/2019,R01AI143439 (NIH),"University of California, San Francisco",OTHER,OTHER,University of Washington; National Institute of Allergy and Infectious Diseases (NIAID); Mayne Pharma International Pty Ltd; San Francisco Department of Public Health,"University of California, San Francisco; University of Washington; National Institute of Allergy and Infectious Diseases (NIAID); Mayne Pharma International Pty Ltd; San Francisco Department of Public Health",Yes,Yes,RANDOMIZED,PARALLEL,INTERVENTIONAL,TRUE,7/12/2024,5/1/2024,TRUE,Yes,5/27/2022,Yes,2/23/2021,10/3/2024,1/1/2025,1/1/2025,10/3/2024,NIH
40023176,"Direct oral anticoagulants versus no anticoagulation for the prevention of stroke in survivors of intracerebral haemorrhage with atrial fibrillation (PRESTIGE-AF): a multicentre, open-label, randomised, phase 3 trial",Lancet,NCT03996772,,,No,,6/3/2019,6/3/2019,6/3/2019,ACTUAL,5/31/2024,5/31/2024,5/31/2024,ACTUAL,6/21/2019,6/21/2019,6/21/2019,6/3/2019,"2018-002176-41 (EUDRACT_NUMBER); 754517 (OTHER_GRANT, European Union Horizon 2020); 236886 (OTHER, IRAS)",Imperial College London,OTHER,OTHER,"Wuerzburg University Hospital; Julius-Maximilians University; Medical University of Graz; University of Liverpool; King's College London; Hospital Universitari Vall d'Hebron Research Institute; University of Bordeaux; Azienda Ospedaliera di Perugia; Aalborg University; STROKE ALLIANCE FOR EUROPE; University Hospital Heidelberg; Imperial College Healthcare NHS Trust; Alfried Krupp Krankenhaus; University Hospital, Bordeaux","Imperial College London; Wuerzburg University Hospital; Julius-Maximilians University; Medical University of Graz; University of Liverpool; King's College London; Hospital Universitari Vall d'Hebron Research Institute; University of Bordeaux; Azienda Ospedaliera di Perugia; Aalborg University; STROKE ALLIANCE FOR EUROPE; University Hospital Heidelberg; Imperial College Healthcare NHS Trust; Alfried Krupp Krankenhaus; University Hospital, Bordeaux",No,Yes,RANDOMIZED,PARALLEL,INTERVENTIONAL,FALSE,1/1/3011,1/1/3011,FALSE,No,,No,,2/26/2025,3/15/2025,3/15/2025,2/26/2025,OTHER
39874977,"Nivolumab plus ipilimumab versus nivolumab in microsatellite instability-high metastatic colorectal cancer (CheckMate 8HW): a randomised, open-label, phase 3 trial",Lancet,NCT04008030,https://clinicaltrials.gov/study/NCT04008030,Bristol-Myers Squibb,Yes,FALSE,8/5/2019,8/5/2019,8/5/2019,ACTUAL,8/28/2024,8/28/2024,8/28/2024,ACTUAL,7/2/2019,7/2/2019,7/2/2019,7/2/2019,2018-000040-26 (EUDRACT_NUMBER),Bristol-Myers Squibb,INDUSTRY,INDUSTRY,Ono Pharmaceutical Co. Ltd,Bristol-Myers Squibb; Ono Pharmaceutical Co. Ltd,No,Yes,RANDOMIZED,PARALLEL,INTERVENTIONAL,TRUE,9/22/2025,8/29/2025,TRUE,Yes,7/1/2024,Yes,7/1/2024,1/25/2025,2/1/2025,2/1/2025,1/25/2025,INDUSTRY
40245902,"Oral gepotidacin for the treatment of uncomplicated urogenital gonorrhoea (EAGLE-1): a phase 3 randomised, open-label, non-inferiority, multicentre study",Lancet,NCT04010539,https://clinicaltrials.gov/study/NCT04010539,GlaxoSmithKline,Yes,FALSE,10/21/2019,10/21/2019,10/21/2019,ACTUAL,10/10/2023,10/10/2023,10/10/2023,ACTUAL,7/5/2019,7/5/2019,7/5/2019,7/2/2019,2018-001780-23 (EUDRACT_NUMBER),GlaxoSmithKline,INDUSTRY,INDUSTRY,,GlaxoSmithKline,No,Yes,RANDOMIZED,PARALLEL,INTERVENTIONAL,TRUE,5/30/2024,5/1/2024,TRUE,Yes,8/10/2023,Yes,10/13/2023,4/14/2025,5/3/2025,5/3/2025,4/14/2025,INDUSTRY
39706209,"Guselkumab in patients with moderately to severely active ulcerative colitis (QUASAR): phase 3 double-blind, randomised, placebo-controlled induction and maintenance studies",Lancet,NCT04033445,https://clinicaltrials.gov/study/NCT04033445,"Janssen Research & Development, LLC",Yes,FALSE,9/26/2019,9/26/2019,9/26/2019,ACTUAL,9/19/2023,9/19/2023,9/19/2023,ACTUAL,7/24/2019,7/24/2019,7/24/2019,7/24/2019,"CNTO1959UCO3001 (OTHER, Janssen Research & Development, LLC); 2018-004002-25 (EUDRACT_NUMBER); 2023-504718-31-00 (REGISTRY, EUCT number)","Janssen Research & Development, LLC",INDUSTRY,INDUSTRY,,"Janssen Research & Development, LLC",No,Yes,RANDOMIZED,PARALLEL,INTERVENTIONAL,TRUE,11/18/2024,9/18/2024,TRUE,Yes,9/12/2022,Yes,9/8/2023,12/17/2024,1/4/2025,1/4/2025,12/17/2024,INDUSTRY
40349714,"Nivolumab plus ipilimumab versus lenvatinib or sorafenib as first-line treatment for unresectable hepatocellular carcinoma (CheckMate 9DW): an open-label, randomised, phase 3 trial",Lancet,NCT04039607,https://clinicaltrials.gov/study/NCT04039607,Bristol-Myers Squibb,Yes,FALSE,9/30/2019,9/30/2019,9/30/2019,ACTUAL,9/30/2026,9/30/2026,9/30/2026,ESTIMATED,7/30/2019,7/30/2019,7/30/2019,7/30/2019,,Bristol-Myers Squibb,INDUSTRY,INDUSTRY,,Bristol-Myers Squibb,No,Yes,RANDOMIZED,PARALLEL,INTERVENTIONAL,FALSE,1/1/3011,1/1/3011,FALSE,No,,No,,5/8/2025,5/24/2025,5/24/2025,5/8/2025,INDUSTRY
39970397,Low-Dose Yellow Fever Vaccine in Adults in Africa,N Engl J Med,NCT04059471,,,No,,11/11/2019,11/11/2019,11/11/2019,ACTUAL,3/30/2020,3/30/2020,3/30/2020,ACTUAL,8/15/2019,8/15/2019,8/15/2019,7/26/2019,"SERU 3797 (OTHER, KEMRI, Kenya); HS 2596 (OTHER, UNCST, Uganda); MUREC 1/7 (OTHER, MUST-REC, Uganda); ECCT/19/03/04 (OTHER, Pharmacy and Poisons Board, Kenya)",University of Oxford,OTHER,OTHER,"KEMRI-Wellcome Trust Collaborative Research Program; Institut Pasteur; MRC/UVRI and LSHTM Uganda Research Unit; Epicentre, Paris, France.","University of Oxford; KEMRI-Wellcome Trust Collaborative Research Program; Institut Pasteur; MRC/UVRI and LSHTM Uganda Research Unit; Epicentre, Paris, France.",No,Yes,RANDOMIZED,PARALLEL,INTERVENTIONAL,FALSE,1/1/3011,1/1/3011,FALSE,No,,No,,,2/20/2025,2/20/2025,2/20/2025,OTHER
39658862,Electronic Sepsis Screening Among Patients Admitted to Hospital Wards: A Stepped-Wedge Cluster Randomized Trial,JAMA,NCT04078594,,,No,,10/1/2019,10/1/2019,10/1/2019,ACTUAL,8/30/2021,8/30/2021,8/30/2021,ACTUAL,9/1/2019,9/1/2019,9/1/2019,1/17/2019,,King Abdullah International Medical Research Center,OTHER,OTHER,"King Abdulaziz Medical City, Jeddah; Prince Mohammed Bin Abdul Aziz Hospital - AlMadinah; King Abdulaziz Hospital, Al Ahsa; Imam Abdulrahman Al Faisal Hospital - Dammam","King Abdullah International Medical Research Center; King Abdulaziz Medical City, Jeddah; Prince Mohammed Bin Abdul Aziz Hospital - AlMadinah; King Abdulaziz Hospital, Al Ahsa; Imam Abdulrahman Al Faisal Hospital - Dammam",Yes,Yes,RANDOMIZED,PARALLEL,INTERVENTIONAL,FALSE,1/1/3011,1/1/3011,FALSE,No,,No,,,3/4/2025,3/4/2025,3/4/2025,NIH
40412427,Comparison of supplemental breast cancer imaging techniques-interim results from the BRAID randomised controlled trial,Lancet,NCT04097366,,,No,,5/28/2019,5/28/2019,5/28/2019,ACTUAL,9/30/2024,9/30/2024,9/30/2024,ACTUAL,9/18/2019,9/18/2019,9/18/2019,9/9/2019,,University of Cambridge,OTHER,OTHER,Cancer Research UK; GE Healthcare; Queen Mary University of London; Public Health England,University of Cambridge; Cancer Research UK; GE Healthcare; Queen Mary University of London; Public Health England,No,Yes,RANDOMIZED,PARALLEL,INTERVENTIONAL,FALSE,1/1/3011,1/1/3011,FALSE,No,,No,,5/21/2025,5/31/2025,5/31/2025,5/21/2025,OTHER
39838118,Neoadjuvant nivolumab and chemotherapy in early estrogen receptor-positive breast cancer: a randomized phase 3 trial,Nat Med,NCT04109066,https://clinicaltrials.gov/study/NCT04109066,Bristol-Myers Squibb,Yes,FALSE,11/18/2019,11/18/2019,11/18/2019,ACTUAL,1/16/2023,1/16/2023,1/16/2023,ACTUAL,9/27/2019,9/27/2019,9/27/2019,9/27/2019,,Bristol-Myers Squibb,INDUSTRY,INDUSTRY,,Bristol-Myers Squibb,No,Yes,RANDOMIZED,PARALLEL,INTERVENTIONAL,TRUE,3/12/2024,2/13/2024,TRUE,Yes,6/27/2022,Yes,6/27/2022,1/21/2025,2/1/2025,2/1/2025,1/21/2025,INDUSTRY
40217077,IVF versus ICSI in patients without severe male factor infertility: a randomized clinical trial,Nat Med,NCT04128904,,,No,,11/29/2019,11/29/2019,11/29/2019,ACTUAL,12/14/2023,12/14/2023,12/14/2023,ACTUAL,10/15/2019,10/15/2019,10/15/2019,10/7/2019,,"Copenhagen University Hospital, Hvidovre",OTHER,OTHER,,"Copenhagen University Hospital, Hvidovre",No,Yes,RANDOMIZED,PARALLEL,INTERVENTIONAL,FALSE,1/1/3011,1/1/3011,FALSE,No,,No,,4/11/2025,6/1/2025,6/1/2025,4/11/2025,OTHER
40305712,Mepolizumab to Prevent Exacerbations of COPD with an Eosinophilic Phenotype,N Engl J Med,NCT04133909,https://clinicaltrials.gov/study/NCT04133909,GlaxoSmithKline,Yes,FALSE,10/30/2019,10/30/2019,10/30/2019,ACTUAL,8/8/2024,8/8/2024,8/8/2024,ACTUAL,10/18/2019,10/18/2019,10/18/2019,10/18/2019,,GlaxoSmithKline,INDUSTRY,INDUSTRY,"PPD Development, LP","GlaxoSmithKline; PPD Development, LP",No,Yes,RANDOMIZED,PARALLEL,INTERVENTIONAL,TRUE,8/15/2025,7/30/2025,TRUE,Yes,12/6/2021,Yes,8/20/2024,,5/1/2025,5/1/2025,5/1/2025,INDUSTRY
40334156,BCG Revaccination for the Prevention of Mycobacterium tuberculosis Infection,N Engl J Med,NCT04152161,,,No,,10/16/2019,10/16/2019,10/16/2019,ACTUAL,5/14/2024,5/14/2024,5/14/2024,ACTUAL,11/1/2019,11/1/2019,11/1/2019,10/22/2019,,Gates Medical Research Institute,OTHER,OTHER,,Gates Medical Research Institute,No,Yes,RANDOMIZED,PARALLEL,INTERVENTIONAL,TRUE,6/19/2025,6/4/2025,TRUE,Yes,7/21/2023,Yes,10/16/2023,,5/8/2025,5/8/2025,5/8/2025,OTHER
39213194,Vutrisiran in Patients with Transthyretin Amyloidosis with Cardiomyopathy,N Engl J Med,NCT04153149,https://clinicaltrials.gov/study/NCT04153149,Alnylam Pharmaceuticals,Yes,FALSE,11/26/2019,11/26/2019,11/26/2019,ACTUAL,5/8/2024,5/8/2024,5/8/2024,ACTUAL,11/4/2019,11/4/2019,11/4/2019,11/4/2019,2019-003153-28 (EUDRACT_NUMBER); 2024-518318-25-00 (CTIS),Alnylam Pharmaceuticals,INDUSTRY,INDUSTRY,,Alnylam Pharmaceuticals,No,Yes,RANDOMIZED,PARALLEL,INTERVENTIONAL,FALSE,1/1/3011,1/1/3011,FALSE,No,,No,,8/30/2024,1/2/2025,1/2/2025,8/30/2024,INDUSTRY
40033113,"Task-sharing and telemedicine delivery of psychotherapy to treat perinatal depression: a pragmatic, noninferiority randomized trial",Nat Med,NCT04153864,,,No,,1/6/2020,1/6/2020,1/6/2020,ACTUAL,2/26/2024,2/26/2024,2/26/2024,ACTUAL,11/4/2019,11/4/2019,11/4/2019,11/4/2019,,"Mount Sinai Hospital, Canada",OTHER,OTHER,"University of North Carolina, Chapel Hill; Endeavor Health; Women's College Hospital; Unity Health Toronto; Sunnybrook Health Sciences Centre; University of Colorado, Boulder; Harvard Medical School (HMS and HSDM); Patient-Centered Outcomes Research Institute","Mount Sinai Hospital, Canada; University of North Carolina, Chapel Hill; Endeavor Health; Women's College Hospital; Unity Health Toronto; Sunnybrook Health Sciences Centre; University of Colorado, Boulder; Harvard Medical School (HMS and HSDM); Patient-Centered Outcomes Research Institute",No,Yes,RANDOMIZED,FACTORIAL,INTERVENTIONAL,TRUE,8/14/2025,7/28/2025,TRUE,Yes,10/25/2024,Yes,6/16/2023,3/3/2025,4/1/2025,4/1/2025,3/3/2025,OTHER
40323617,Midurethral Sling vs OnabotulinumtoxinA in Females With Urinary Incontinence: The MUSA Randomized Clinical Trial,JAMA,NCT04171531,https://clinicaltrials.gov/study/NCT04171531,NICHD Pelvic Floor Disorders Network,Yes,FALSE,6/8/2020,6/8/2020,6/8/2020,ACTUAL,2/12/2024,2/12/2024,2/12/2024,ACTUAL,11/19/2019,11/19/2019,11/19/2019,11/18/2019,U24HD069031-06 (NIH); UG1HD069013-06 (NIH); UG1HD041267-18 (NIH); UG1HD069010-07 (NIH); UG1HD069006-07 (NIH); UG1HD041261-17 (NIH); UG1HD054214-12 (NIH); UG1HD054241-12 (NIH),NICHD Pelvic Floor Disorders Network,NETWORK,NETWORK,"Eunice Kennedy Shriver National Institute of Child Health and Human Development (NICHD); Women and Infants Hospital of Rhode Island; Duke University; University of Pennsylvania; University of Pittsburgh; University of California, San Diego; Kaiser Permanente; University of Texas Southwestern Medical Center; University of Alabama at Birmingham; RTI International","NICHD Pelvic Floor Disorders Network; Eunice Kennedy Shriver National Institute of Child Health and Human Development (NICHD); Women and Infants Hospital of Rhode Island; Duke University; University of Pennsylvania; University of Pittsburgh; University of California, San Diego; Kaiser Permanente; University of Texas Southwestern Medical Center; University of Alabama at Birmingham; RTI International",Yes,Yes,RANDOMIZED,PARALLEL,INTERVENTIONAL,TRUE,3/20/2025,2/12/2025,TRUE,Yes,2/12/2021,Yes,2/8/2024,,6/3/2025,6/3/2025,6/3/2025,NIH
39536238,Tirzepatide for Obesity Treatment and Diabetes Prevention,N Engl J Med,NCT04184622,https://clinicaltrials.gov/study/NCT04184622,Eli Lilly and Company,Yes,FALSE,12/4/2019,12/4/2019,12/4/2019,ACTUAL,4/1/2022,4/1/2022,4/1/2022,ACTUAL,12/2/2019,12/2/2019,12/2/2019,12/2/2019,"I8F-MC-GPHK (OTHER, Eli Lilly and Company)",Eli Lilly and Company,INDUSTRY,INDUSTRY,,Eli Lilly and Company,No,Yes,RANDOMIZED,PARALLEL,INTERVENTIONAL,TRUE,4/24/2023,3/30/2023,TRUE,Yes,10/4/2021,Yes,9/28/2021,11/13/2024,3/6/2025,3/6/2025,11/13/2024,INDUSTRY
39616603,HepB-CpG vs HepB-Alum Vaccine in People With HIV and Prior Vaccine Nonresponse: The BEe-HIVe Randomized Clinical Trial,JAMA,NCT04193189,https://clinicaltrials.gov/study/NCT04193189,National Institute of Allergy and Infectious Diseases (NIAID),Yes,FALSE,12/14/2020,12/14/2020,12/14/2020,ACTUAL,8/13/2024,8/13/2024,8/13/2024,ACTUAL,12/6/2019,12/6/2019,12/6/2019,12/6/2019,"38569 (REGISTRY, DAIDS-ES Registry Number)",National Institute of Allergy and Infectious Diseases (NIAID),NIH,NIH,Dynavax Technologies Corporation,National Institute of Allergy and Infectious Diseases (NIAID); Dynavax Technologies Corporation,Yes,Yes,RANDOMIZED,PARALLEL,INTERVENTIONAL,TRUE,7/20/2025,5/21/2025,TRUE,Yes,2/18/2022,Yes,1/6/2023,,1/28/2025,1/28/2025,1/28/2025,NIH
39927615,Efficacy and Safety of Obinutuzumab in Active Lupus Nephritis,N Engl J Med,NCT04221477,https://clinicaltrials.gov/study/NCT04221477,Hoffmann-La Roche,Yes,FALSE,8/10/2020,8/10/2020,8/10/2020,ACTUAL,8/15/2024,8/15/2024,8/15/2024,ACTUAL,1/7/2020,1/7/2020,1/7/2020,1/7/2020,"2019-004034-42 (EUDRACT_NUMBER); 2023-503628-22-00 (OTHER, EU CT)",Hoffmann-La Roche,INDUSTRY,INDUSTRY,,Hoffmann-La Roche,No,Yes,RANDOMIZED,PARALLEL,INTERVENTIONAL,FALSE,1/1/3011,1/1/3011,FALSE,No,,No,,2/7/2025,4/17/2025,4/17/2025,2/7/2025,INDUSTRY
39919773,"Exenatide once a week versus placebo as a potential disease-modifying treatment for people with Parkinson's disease in the UK: a phase 3, multicentre, double-blind, parallel-group, randomised, placebo-controlled trial",Lancet,NCT04232969,,,No,,1/20/2020,1/20/2020,1/20/2020,ACTUAL,2/24/2024,2/24/2024,2/24/2024,ESTIMATED,1/16/2020,1/16/2020,1/16/2020,1/10/2020,,"University College, London",OTHER,OTHER,,"University College, London",No,Yes,RANDOMIZED,PARALLEL,INTERVENTIONAL,FALSE,1/1/3011,1/1/3011,FALSE,No,,No,,2/4/2025,2/22/2025,2/22/2025,2/4/2025,OTHER
40098564,Inhaled Sedation in Acute Respiratory Distress Syndrome: The SESAR Randomized Clinical Trial,JAMA,NCT04235608,,,No,,5/3/2020,5/3/2020,5/3/2020,ACTUAL,10/31/2023,10/31/2023,10/31/2023,ACTUAL,1/16/2020,1/16/2020,1/16/2020,1/14/2020,,"University Hospital, Clermont-Ferrand",OTHER,OTHER,,"University Hospital, Clermont-Ferrand",No,Yes,RANDOMIZED,PARALLEL,INTERVENTIONAL,FALSE,1/1/3011,1/1/3011,FALSE,No,,No,,,5/13/2025,5/13/2025,5/13/2025,OTHER
39798578,"Transarterial chemoembolisation combined with lenvatinib plus pembrolizumab versus dual placebo for unresectable, non-metastatic hepatocellular carcinoma (LEAP-012): a multicentre, randomised, double-blind, phase 3 study",Lancet,NCT04246177,https://clinicaltrials.gov/study/NCT04246177,Merck Sharp & Dohme LLC,Yes,FALSE,5/22/2020,5/22/2020,5/22/2020,ACTUAL,6/30/2028,6/30/2028,6/30/2028,ESTIMATED,1/27/2020,1/27/2020,1/27/2020,1/27/2020,"MK-7902-012 (OTHER, MSD Protocol Number); LEAP-012 (OTHER, MSD); E7080-G000-318 (OTHER, Eisai Protocol Number); 205286 (REGISTRY, JAPIC-CTI); 2022-502116-36-00 (REGISTRY, EU CT); U1111-1283-3439 (REGISTRY, UTN); 2019-002345-37 (EUDRACT_NUMBER)",Merck Sharp & Dohme LLC,INDUSTRY,INDUSTRY,Eisai Inc.,Merck Sharp & Dohme LLC; Eisai Inc.,No,Yes,RANDOMIZED,PARALLEL,INTERVENTIONAL,FALSE,1/1/3011,1/1/3011,FALSE,No,,No,,1/8/2025,1/18/2025,1/18/2025,1/8/2025,INDUSTRY
40387025,Navigational Bronchoscopy or Transthoracic Needle Biopsy for Lung Nodules,N Engl J Med,NCT04250194,https://clinicaltrials.gov/study/NCT04250194,Vanderbilt-Ingram Cancer Center,Yes,FALSE,5/22/2020,5/22/2020,5/22/2020,ACTUAL,6/10/2024,6/10/2024,6/10/2024,ACTUAL,1/29/2020,1/29/2020,1/29/2020,1/29/2020,"NCI-2020-00632 (REGISTRY, NCI, Clinical Trials Reporting Program)",Vanderbilt-Ingram Cancer Center,OTHER,OTHER,Medtronic,Vanderbilt-Ingram Cancer Center; Medtronic,No,Yes,RANDOMIZED,PARALLEL,INTERVENTIONAL,TRUE,7/14/2025,5/20/2025,TRUE,Yes,3/29/2023,Yes,3/29/2023,5/18/2025,6/5/2025,6/5/2025,5/18/2025,OTHER
39775043,Neoadjuvant anti-PD-1 alone or in combination with anti-TIGIT or an oncolytic virus in resectable stage IIIB-D melanoma: a phase 1/2 trial,Nat Med,NCT04303169,https://clinicaltrials.gov/study/NCT04303169,Merck Sharp & Dohme LLC,Yes,FALSE,6/26/2020,6/26/2020,6/26/2020,ACTUAL,10/6/2025,10/6/2025,10/6/2025,ESTIMATED,3/9/2020,3/9/2020,3/9/2020,3/9/2020,"MK-3475-02C (OTHER, MSD); KEYMAKER-U02 (OTHER, MSD); 2023-506314-51-00 (REGISTRY, EU CT); U1111-1293-5665 (REGISTRY, UTN); 2019-003978-22 (EUDRACT_NUMBER)",Merck Sharp & Dohme LLC,INDUSTRY,INDUSTRY,,Merck Sharp & Dohme LLC,No,Yes,RANDOMIZED,PARALLEL,INTERVENTIONAL,FALSE,1/1/3011,1/1/3011,FALSE,No,,No,,1/7/2025,1/1/2025,1/1/2025,1/7/2025,INDUSTRY
40366680,Spironolactone vs Amiloride for Resistant Hypertension: A Randomized Clinical Trial,JAMA,NCT04331691,,,No,,11/16/2020,11/16/2020,11/16/2020,ACTUAL,5/23/2024,5/23/2024,5/23/2024,ACTUAL,3/31/2020,3/31/2020,3/31/2020,3/31/2020,,Yonsei University,OTHER,OTHER,,Yonsei University,No,Yes,RANDOMIZED,PARALLEL,INTERVENTIONAL,FALSE,1/1/3011,1/1/3011,FALSE,No,,No,,,6/17/2025,6/17/2025,6/17/2025,OTHER
39775041,Intracerebroventricular anaerobic dopamine in Parkinson's disease with L-dopa-related complications: a phase 1/2 randomized-controlled trial,Nat Med,NCT04332276,,,No,,9/18/2020,9/18/2020,9/18/2020,ACTUAL,5/6/2024,5/6/2024,5/6/2024,ACTUAL,3/31/2020,3/31/2020,3/31/2020,3/25/2020,2020-000155-12 (EUDRACT_NUMBER),"University Hospital, Lille",OTHER,OTHER,InBrain Pharma,"University Hospital, Lille; InBrain Pharma",No,Yes,RANDOMIZED,CROSSOVER,INTERVENTIONAL,FALSE,1/1/3011,1/1/3011,FALSE,No,,No,,1/7/2025,3/1/2025,3/1/2025,1/7/2025,OTHER
40174597,"Angiography-derived fractional flow reserve versus intravascular ultrasound to guide percutaneous coronary intervention in patients with coronary artery disease (FLAVOUR II): a multicentre, randomised, non-inferiority trial",Lancet,NCT04397211,,,No,,5/29/2020,5/29/2020,5/29/2020,ACTUAL,2024-09,9/1/2024,9/15/2024,ESTIMATED,5/17/2020,5/17/2020,5/17/2020,5/17/2020,,"Second Affiliated Hospital, School of Medicine, Zhejiang University",OTHER,OTHER,"Seoul National University Hospital; Affiliated Hangzhou First People's Hospital; Wuhan University; Peking University Third Hospital; The Affiliated Hospital of Hangzhou Normal University; RenJi Hospital; Second Hospital of Shanxi Medical University; First Affiliated Hospital of Wenzhou Medical University; Second Affiliated Hospital of Wenzhou Medical University; Changxing People's Hospital; The Affiliated Hospital of Medical College, Ningbo University; Jinhua Central Hospital; Shandong University of Traditional Chinese Medicine; Dongyang People's Hospital; The First Affiliated Hospital of Nanchang University; Jining First People's Hospital; Second Affiliated Hospital of Shantou University Medical College; Ulsan University Hospital; Huizhou Municipal Central Hospital; Zhejiang Greentown Cardiovascular Hospital; The Fourth People's Hospital of Jinan; First Affiliated Hospital of Kunming Medical University","Second Affiliated Hospital, School of Medicine, Zhejiang University; Seoul National University Hospital; Affiliated Hangzhou First People's Hospital; Wuhan University; Peking University Third Hospital; The Affiliated Hospital of Hangzhou Normal University; RenJi Hospital; Second Hospital of Shanxi Medical University; First Affiliated Hospital of Wenzhou Medical University; Second Affiliated Hospital of Wenzhou Medical University; Changxing People's Hospital; The Affiliated Hospital of Medical College, Ningbo University; Jinhua Central Hospital; Shandong University of Traditional Chinese Medicine; Dongyang People's Hospital; The First Affiliated Hospital of Nanchang University; Jining First People's Hospital; Second Affiliated Hospital of Shantou University Medical College; Ulsan University Hospital; Huizhou Municipal Central Hospital; Zhejiang Greentown Cardiovascular Hospital; The Fourth People's Hospital of Jinan; First Affiliated Hospital of Kunming Medical University",No,Yes,RANDOMIZED,PARALLEL,INTERVENTIONAL,FALSE,1/1/3011,1/1/3011,FALSE,No,,No,,3/30/2025,4/26/2025,4/26/2025,3/30/2025,OTHER
39565980,Embolization of the Middle Meningeal Artery for Chronic Subdural Hematoma,N Engl J Med,NCT04410146,https://clinicaltrials.gov/study/NCT04410146,Balt USA,Yes,FALSE,11/1/2020,11/1/2020,11/1/2020,ACTUAL,5/23/2024,5/23/2024,5/23/2024,ACTUAL,5/27/2020,5/27/2020,5/27/2020,5/27/2020,,Balt USA,INDUSTRY,INDUSTRY,,Balt USA,No,Yes,RANDOMIZED,PARALLEL,INTERVENTIONAL,FALSE,1/1/3011,1/1/3011,FALSE,No,,No,,11/20/2024,2/27/2025,2/27/2025,11/20/2024,INDUSTRY
40202623,Tolebrutinib versus Teriflunomide in Relapsing Multiple Sclerosis,N Engl J Med,NCT04410978,https://clinicaltrials.gov/study/NCT04410978,Sanofi,Yes,FALSE,6/30/2020,6/30/2020,6/30/2020,ACTUAL,7/15/2024,7/15/2024,7/15/2024,ACTUAL,5/28/2020,5/28/2020,5/28/2020,5/28/2020,"U1111-1238-1418 (REGISTRY, ICTRP); 2020-000637-41 (EUDRACT_NUMBER)",Sanofi,INDUSTRY,INDUSTRY,,Sanofi,No,Yes,RANDOMIZED,PARALLEL,INTERVENTIONAL,TRUE,6/18/2025,6/3/2025,TRUE,Yes,12/20/2023,Yes,7/10/2024,4/8/2025,5/15/2025,5/15/2025,4/8/2025,INDUSTRY
40202623,Tolebrutinib versus Teriflunomide in Relapsing Multiple Sclerosis,N Engl J Med,NCT04410991,https://clinicaltrials.gov/study/NCT04410991,Sanofi,Yes,FALSE,6/11/2020,6/11/2020,6/11/2020,ACTUAL,7/16/2024,7/16/2024,7/16/2024,ACTUAL,5/28/2020,5/28/2020,5/28/2020,5/28/2020,"U1111-1238-1373 (REGISTRY, ICTRP); 2020-000644-55 (EUDRACT_NUMBER)",Sanofi,INDUSTRY,INDUSTRY,,Sanofi,No,Yes,RANDOMIZED,PARALLEL,INTERVENTIONAL,TRUE,6/18/2025,6/3/2025,TRUE,Yes,12/20/2023,Yes,7/10/2024,4/8/2025,5/15/2025,5/15/2025,4/8/2025,INDUSTRY
40202696,Tolebrutinib in Nonrelapsing Secondary Progressive Multiple Sclerosis,N Engl J Med,NCT04411641,https://clinicaltrials.gov/study/NCT04411641,Sanofi,Yes,FALSE,9/24/2020,9/24/2020,9/24/2020,ACTUAL,8/29/2024,8/29/2024,8/29/2024,ACTUAL,5/28/2020,5/28/2020,5/28/2020,5/28/2020,"U1111-1246-7768 (REGISTRY, ICTRP); 2020-000647-30 (EUDRACT_NUMBER)",Sanofi,INDUSTRY,INDUSTRY,,Sanofi,No,Yes,RANDOMIZED,PARALLEL,INTERVENTIONAL,TRUE,6/18/2025,6/3/2025,TRUE,Yes,12/20/2023,Yes,4/30/2024,4/8/2025,5/15/2025,5/15/2025,4/8/2025,INDUSTRY
40174599,"Efficacy and safety of clopidogrel versus aspirin monotherapy in patients at high risk of subsequent cardiovascular event after percutaneous coronary intervention (SMART-CHOICE 3): a randomised, open-label, multicentre trial",Lancet,NCT04418479,,,No,,8/10/2020,8/10/2020,8/10/2020,ACTUAL,10/31/2024,10/31/2024,10/31/2024,ACTUAL,6/2/2020,6/2/2020,6/2/2020,6/1/2020,,Joo-Yong Hahn,OTHER,OTHER,,Joo-Yong Hahn,No,Yes,RANDOMIZED,PARALLEL,INTERVENTIONAL,FALSE,1/1/3011,1/1/3011,FALSE,No,,No,,3/30/2025,4/12/2025,4/12/2025,3/30/2025,OTHER
39216096,Continuation versus Interruption of Oral Anticoagulation during TAVI,N Engl J Med,NCT04437303,,,No,,11/25/2020,11/25/2020,11/25/2020,ACTUAL,3/21/2024,3/21/2024,3/21/2024,ACTUAL,6/16/2020,6/16/2020,6/16/2020,5/19/2020,,St. Antonius Hospital,OTHER,OTHER,,St. Antonius Hospital,No,Yes,RANDOMIZED,PARALLEL,INTERVENTIONAL,FALSE,1/1/3011,1/1/3011,FALSE,No,,No,,8/31/2024,1/30/2025,1/30/2025,8/31/2024,OTHER
40187364,"SAPIEN 3 versus Myval transcatheter heart valves for transcatheter aortic valve implantation (COMPARE-TAVI 1): a multicentre, randomised, non-inferiority trial",Lancet,NCT04443023,,,No,,6/15/2020,6/15/2020,6/15/2020,ACTUAL,11/2/2023,11/2/2023,11/2/2023,ACTUAL,6/19/2020,6/19/2020,6/19/2020,6/7/2020,,Aarhus University Hospital Skejby,OTHER,OTHER,Odense University Hospital; Aalborg University Hospital,Aarhus University Hospital Skejby; Odense University Hospital; Aalborg University Hospital,No,Yes,RANDOMIZED,PARALLEL,INTERVENTIONAL,FALSE,1/1/3011,1/1/3011,FALSE,Yes,5/6/2023,Yes,5/6/2023,4/2/2025,4/19/2025,4/19/2025,4/2/2025,OTHER
39955119,"Efficacy and safety of nerinetide in acute ischaemic stroke in patients undergoing endovascular thrombectomy without previous thrombolysis (ESCAPE-NEXT): a multicentre, double-blind, randomised controlled trial",Lancet,NCT04462536,https://clinicaltrials.gov/study/NCT04462536,NoNO Inc.,Yes,FALSE,12/6/2020,12/6/2020,12/6/2020,ACTUAL,8/31/2023,8/31/2023,8/31/2023,ACTUAL,7/2/2020,7/2/2020,7/2/2020,7/2/2020,,NoNO Inc.,INDUSTRY,INDUSTRY,University of Calgary,NoNO Inc.; University of Calgary,No,Yes,RANDOMIZED,PARALLEL,INTERVENTIONAL,TRUE,6/22/2025,5/20/2025,TRUE,Yes,6/1/2022,Yes,6/1/2022,,2/15/2025,2/15/2025,2/15/2025,INDUSTRY
40517007,"Retifanlimab with carboplatin and paclitaxel for locally recurrent or metastatic squamous cell carcinoma of the anal canal (POD1UM-303/InterAACT-2): a global, phase 3 randomised controlled trial",Lancet,NCT04472429,https://clinicaltrials.gov/study/NCT04472429,Incyte Corporation,Yes,FALSE,1/12/2021,1/12/2021,1/12/2021,ACTUAL,4/15/2024,4/15/2024,4/15/2024,ACTUAL,7/13/2020,7/13/2020,7/13/2020,7/13/2020,"2020-000826-24 (EUDRACT_NUMBER); 2024-512331-72-00 (REGISTRY, EU CT Number)",Incyte Corporation,INDUSTRY,INDUSTRY,,Incyte Corporation,No,Yes,RANDOMIZED,PARALLEL,INTERVENTIONAL,TRUE,5/23/2025,4/8/2025,TRUE,Yes,2/4/2025,Yes,11/8/2023,,6/14/2025,6/14/2025,6/14/2025,INDUSTRY
39475399,Transcatheter Valve Replacement in Severe Tricuspid Regurgitation,N Engl J Med,NCT04482062,https://clinicaltrials.gov/study/NCT04482062,Edwards Lifesciences,Yes,FALSE,4/9/2021,4/9/2021,4/9/2021,ACTUAL,12/21/2025,12/21/2025,12/21/2025,ESTIMATED,7/20/2020,7/20/2020,7/20/2020,7/9/2020,,Edwards Lifesciences,INDUSTRY,INDUSTRY,,Edwards Lifesciences,No,Yes,RANDOMIZED,PARALLEL,INTERVENTIONAL,FALSE,1/1/3011,1/1/3011,FALSE,No,,No,,10/30/2024,1/9/2025,1/9/2025,10/30/2024,INDUSTRY
39556379,Pulmonary Vein Isolation With Optimized Linear Ablation vs Pulmonary Vein Isolation Alone for Persistent AF: The PROMPT-AF Randomized Clinical Trial,JAMA,NCT04497376,,,No,,8/27/2021,8/27/2021,8/27/2021,ACTUAL,7/18/2024,7/18/2024,7/18/2024,ACTUAL,7/30/2020,7/30/2020,7/30/2020,7/8/2020,,Beijing Anzhen Hospital,OTHER,OTHER,"Heart Health Research Centre; The George Institute for Global Health, China; The George Institute for Global Health, Australia; Fukuoka University","Beijing Anzhen Hospital; Heart Health Research Centre; The George Institute for Global Health, China; The George Institute for Global Health, Australia; Fukuoka University",No,Yes,RANDOMIZED,PARALLEL,INTERVENTIONAL,FALSE,1/1/3011,1/1/3011,FALSE,No,,No,,,2/4/2025,2/4/2025,2/4/2025,OTHER
39775039,"Angiogenic factors versus fetomaternal Doppler for fetal growth restriction at term: an open-label, randomized controlled trial",Nat Med,NCT04502823,,,No,,9/21/2020,9/21/2020,9/21/2020,ACTUAL,12/18/2022,12/18/2022,12/18/2022,ACTUAL,8/4/2020,8/4/2020,8/4/2020,8/4/2020,,Hospital Universitari Vall d'Hebron Research Institute,OTHER,OTHER,,Hospital Universitari Vall d'Hebron Research Institute,No,Yes,RANDOMIZED,PARALLEL,INTERVENTIONAL,FALSE,1/1/3011,1/1/3011,FALSE,No,,No,,1/7/2025,3/1/2025,3/1/2025,1/7/2025,OTHER
40202593,A Phase 3 Trial of Inebilizumab in Generalized Myasthenia Gravis,N Engl J Med,NCT04524273,https://clinicaltrials.gov/study/NCT04524273,Amgen,Yes,FALSE,10/15/2020,10/15/2020,10/15/2020,ACTUAL,5/28/2024,5/28/2024,5/28/2024,ACTUAL,8/19/2020,8/19/2020,8/19/2020,8/10/2020,,Amgen,INDUSTRY,INDUSTRY,,Amgen,No,Yes,RANDOMIZED,PARALLEL,INTERVENTIONAL,FALSE,1/1/3011,1/1/3011,FALSE,No,,No,,4/8/2025,6/19/2025,6/19/2025,4/8/2025,INDUSTRY
39541094,Inebilizumab for Treatment of IgG4-Related Disease,N Engl J Med,NCT04540497,https://clinicaltrials.gov/study/NCT04540497,Amgen,Yes,FALSE,12/4/2020,12/4/2020,12/4/2020,ACTUAL,4/9/2024,4/9/2024,4/9/2024,ACTUAL,9/1/2020,9/1/2020,9/1/2020,9/1/2020,2023-508290-81-00 (CTIS),Amgen,INDUSTRY,INDUSTRY,,Amgen,No,Yes,RANDOMIZED,PARALLEL,INTERVENTIONAL,TRUE,6/25/2025,4/15/2025,TRUE,Yes,8/8/2023,Yes,5/15/2024,11/14/2024,3/27/2025,3/27/2025,11/14/2024,INDUSTRY
40159556,Liberal fluid intake versus fluid restriction in chronic heart failure: a randomized clinical trial,Nat Med,NCT04551729,,,No,,4/21/2021,4/21/2021,4/21/2021,ACTUAL,9/23/2024,9/23/2024,9/23/2024,ACTUAL,9/10/2020,9/10/2020,9/10/2020,9/10/2020,,Radboud University Medical Center,OTHER,OTHER,Maastricht University Medical Center,Radboud University Medical Center; Maastricht University Medical Center,No,Yes,RANDOMIZED,PARALLEL,INTERVENTIONAL,FALSE,1/1/3011,1/1/3011,FALSE,Yes,11/30/2020,Yes,9/1/2023,3/30/2025,6/1/2025,6/1/2025,3/30/2025,OTHER
40169145,"Semaglutide and walking capacity in people with symptomatic peripheral artery disease and type 2 diabetes (STRIDE): a phase 3b, double-blind, randomised, placebo-controlled trial",Lancet,NCT04560998,https://clinicaltrials.gov/study/NCT04560998,Novo Nordisk A/S,Yes,FALSE,10/1/2020,10/1/2020,10/1/2020,ACTUAL,6/5/2024,6/5/2024,6/5/2024,ACTUAL,9/18/2020,9/18/2020,9/18/2020,9/18/2020,"2019-003399-38 (REGISTRY, European Medicines Agency (EudraCT)); U1111-1238-7071 (OTHER, World Health Organization (WHO))",Novo Nordisk A/S,INDUSTRY,INDUSTRY,,Novo Nordisk A/S,No,Yes,RANDOMIZED,PARALLEL,INTERVENTIONAL,TRUE,7/8/2025,6/3/2025,TRUE,Yes,4/18/2023,Yes,8/26/2024,3/29/2025,5/3/2025,5/3/2025,3/29/2025,INDUSTRY
39460694,Atrasentan in Patients with IgA Nephropathy,N Engl J Med,NCT04573478,https://clinicaltrials.gov/study/NCT04573478,"Chinook Therapeutics, Inc.",Yes,FALSE,12/11/2020,12/11/2020,12/11/2020,ACTUAL,12/18/2026,12/18/2026,12/18/2026,ESTIMATED,9/28/2020,9/28/2020,9/28/2020,9/12/2020,,"Chinook Therapeutics, Inc.",INDUSTRY,INDUSTRY,,"Chinook Therapeutics, Inc.",No,Yes,RANDOMIZED,PARALLEL,INTERVENTIONAL,FALSE,1/1/3011,1/1/3011,FALSE,No,,No,,10/25/2024,2/6/2025,2/6/2025,10/25/2024,INDUSTRY
39453772,Alternative Complement Pathway Inhibition with Iptacopan in IgA Nephropathy,N Engl J Med,NCT04578834,https://clinicaltrials.gov/study/NCT04578834,Novartis Pharmaceuticals,Yes,FALSE,1/25/2021,1/25/2021,1/25/2021,ACTUAL,9/26/2025,9/26/2025,9/26/2025,ESTIMATED,10/1/2020,10/1/2020,10/1/2020,9/9/2020,,Novartis Pharmaceuticals,INDUSTRY,INDUSTRY,,Novartis Pharmaceuticals,No,Yes,RANDOMIZED,PARALLEL,INTERVENTIONAL,FALSE,1/1/3011,1/1/3011,FALSE,No,,No,,10/25/2024,2/6/2025,2/6/2025,10/25/2024,INDUSTRY
40460847,"Claudin-18 isoform 2-specific CAR T-cell therapy (satri-cel) versus treatment of physician's choice for previously treated advanced gastric or gastro-oesophageal junction cancer (CT041-ST-01): a randomised, open-label, phase 2 trial",Lancet,NCT04581473,,,No,,10/23/2020,10/23/2020,10/23/2020,ACTUAL,10/18/2024,10/18/2024,10/18/2024,ACTUAL,10/5/2020,10/5/2020,10/5/2020,9/24/2020,,"CARsgen Therapeutics Co., Ltd.",INDUSTRY,INDUSTRY,Peking University Cancer Hospital & Institute; Fudan University,"CARsgen Therapeutics Co., Ltd.; Peking University Cancer Hospital & Institute; Fudan University",No,Yes,RANDOMIZED,PARALLEL,INTERVENTIONAL,FALSE,1/1/3011,1/1/3011,FALSE,No,,No,,5/31/2025,6/7/2025,6/7/2025,5/31/2025,INDUSTRY
40267423,Phase 3 Trial of the DPP-1 Inhibitor Brensocatib in Bronchiectasis,N Engl J Med,NCT04594369,https://clinicaltrials.gov/study/NCT04594369,Insmed Incorporated,Yes,FALSE,12/1/2020,12/1/2020,12/1/2020,ACTUAL,10/28/2024,10/28/2024,10/28/2024,ACTUAL,10/14/2020,10/14/2020,10/14/2020,10/14/2020,2020-003688-25 (EUDRACT_NUMBER),Insmed Incorporated,INDUSTRY,INDUSTRY,,Insmed Incorporated,No,Yes,RANDOMIZED,PARALLEL,INTERVENTIONAL,FALSE,1/1/3011,1/1/3011,FALSE,No,,No,,,4/24/2025,4/24/2025,4/24/2025,INDUSTRY
40075230,The impact of interactive text communication on neonatal mortality in Kenya: a randomized controlled trial,Nat Med,NCT04598165,,,No,,9/7/2020,9/7/2020,9/7/2020,ACTUAL,2/20/2023,2/20/2023,2/20/2023,ACTUAL,10/15/2020,10/15/2020,10/15/2020,10/2/2020,1R01HD098105-01 (NIH),Women and Infants Hospital of Rhode Island,OTHER,OTHER,Eunice Kennedy Shriver National Institute of Child Health and Human Development (NICHD); Kenyatta National Hospital,Women and Infants Hospital of Rhode Island; Eunice Kennedy Shriver National Institute of Child Health and Human Development (NICHD); Kenyatta National Hospital,Yes,Yes,RANDOMIZED,PARALLEL,INTERVENTIONAL,TRUE,8/15/2024,7/22/2024,TRUE,Yes,10/1/2021,Yes,5/31/2024,3/12/2025,6/1/2025,6/1/2025,3/12/2025,NIH
40065169,Pelabresib plus ruxolitinib for JAK inhibitor-naive myelofibrosis: a randomized phase 3 trial,Nat Med,NCT04603495,https://clinicaltrials.gov/study/NCT04603495,Constellation Pharmaceuticals,Yes,FALSE,4/9/2021,4/9/2021,4/9/2021,ACTUAL,8/23/2023,8/23/2023,8/23/2023,ACTUAL,10/21/2020,10/21/2020,10/21/2020,10/20/2020,2020-001989-10 (EUDRACT_NUMBER),Constellation Pharmaceuticals,INDUSTRY,INDUSTRY,,Constellation Pharmaceuticals,No,Yes,RANDOMIZED,PARALLEL,INTERVENTIONAL,TRUE,10/28/2024,8/23/2024,TRUE,Yes,10/4/2023,Yes,10/26/2023,3/10/2025,5/1/2025,5/1/2025,3/10/2025,INDUSTRY
39863775,"Encorafenib, cetuximab and chemotherapy in BRAF-mutant colorectal cancer: a randomized phase 3 trial",Nat Med,NCT04607421,https://clinicaltrials.gov/study/NCT04607421,Pfizer,Yes,FALSE,12/21/2020,12/21/2020,12/21/2020,ACTUAL,12/8/2025,12/8/2025,12/8/2025,ESTIMATED,10/22/2020,10/22/2020,10/22/2020,10/5/2020,"2023-509405-77-00 (REGISTRY, CTIS (EU)); BREAKWATER (OTHER, Pfizer)",Pfizer,INDUSTRY,INDUSTRY,"Ono Pharmaceutical Co. Ltd; Merck KGaA, Darmstadt, Germany; Eli Lilly and Company","Pfizer; Ono Pharmaceutical Co. Ltd; Merck KGaA, Darmstadt, Germany; Eli Lilly and Company",No,Yes,RANDOMIZED,PARALLEL,INTERVENTIONAL,FALSE,1/1/3011,1/1/3011,FALSE,No,,No,,1/25/2025,3/1/2025,3/1/2025,1/25/2025,INDUSTRY
39671272,Camrelizumab vs Placebo in Combination With Chemotherapy as Neoadjuvant Treatment in Patients With Early or Locally Advanced Triple-Negative Breast Cancer: The CamRelief Randomized Clinical Trial,JAMA,NCT04613674,,,No,,12/9/2020,12/9/2020,12/9/2020,ACTUAL,9/14/2023,9/14/2023,9/14/2023,ACTUAL,11/2/2020,11/2/2020,11/2/2020,10/29/2020,,"Jiangsu HengRui Medicine Co., Ltd.",INDUSTRY,INDUSTRY,,"Jiangsu HengRui Medicine Co., Ltd.",No,Yes,RANDOMIZED,PARALLEL,INTERVENTIONAL,FALSE,1/1/3011,1/1/3011,FALSE,No,,No,,,2/25/2025,2/25/2025,2/25/2025,INDUSTRY
39984634,Telemedicine-based integrated management of atrial fibrillation in village clinics: a cluster randomized trial,Nat Med,NCT04622514,,,No,,12/1/2020,12/1/2020,12/1/2020,ACTUAL,5/9/2024,5/9/2024,5/9/2024,ACTUAL,11/9/2020,11/9/2020,11/9/2020,10/18/2020,,The First Affiliated Hospital with Nanjing Medical University,OTHER,OTHER,University of Liverpool,The First Affiliated Hospital with Nanjing Medical University; University of Liverpool,No,Yes,RANDOMIZED,PARALLEL,INTERVENTIONAL,FALSE,1/1/3011,1/1/3011,FALSE,No,,No,,2/21/2025,4/1/2025,4/1/2025,2/21/2025,OTHER
39602173,Transcatheter Edge-to-Edge Repair for Severe Isolated Tricuspid Regurgitation: The Tri.Fr Randomized Clinical Trial,JAMA,NCT04646811,,,No,,2/10/2021,2/10/2021,2/10/2021,ACTUAL,4/23/2024,4/23/2024,4/23/2024,ACTUAL,11/23/2020,11/23/2020,11/23/2020,11/10/2020,"2020-A00645-34 (OTHER, N° IDRCB)",Rennes University Hospital,OTHER,OTHER,,Rennes University Hospital,No,Yes,RANDOMIZED,PARALLEL,INTERVENTIONAL,FALSE,1/1/3011,1/1/3011,FALSE,No,,No,,,1/14/2025,1/14/2025,1/14/2025,OTHER
39922675,"Normobaric hyperoxia combined with endovascular treatment for acute ischaemic stroke in China (OPENS-2 trial): a multicentre, randomised, single-blind, sham-controlled trial",Lancet,NCT04681651,,,No,,4/22/2021,4/22/2021,4/22/2021,ACTUAL,5/5/2023,5/5/2023,5/5/2023,ACTUAL,12/19/2020,12/19/2020,12/19/2020,12/6/2020,,Capital Medical University,OTHER,OTHER,Tianjin Huanhu Hospital; Shengli Oilfield Hospital; Beijing Fengtai You'anmen Hospital; Jiujiang University Affiliated Hospital; Zhangzhou Municipal Hospital of Fujian Province; Baotou Central Hospital; Luoyang Central Hospital; Nanyang Central Hospital; Qingdao Central Hospital; The Third People's Hospital of Jinan; Rizhao People's Hospital; Anyang People's Hospital; Shanghai 10th People's Hospital; Dalian Municipal Central Hospital; Zhoukou Central Hospital; Nanshi Hospital of Nanyang; The second Nanning People's Hospital; Zhumadian Central Hospital; Taizhou Hospital; Second Affiliated Hospital of Nanchang University,Capital Medical University; Tianjin Huanhu Hospital; Shengli Oilfield Hospital; Beijing Fengtai You'anmen Hospital; Jiujiang University Affiliated Hospital; Zhangzhou Municipal Hospital of Fujian Province; Baotou Central Hospital; Luoyang Central Hospital; Nanyang Central Hospital; Qingdao Central Hospital; The Third People's Hospital of Jinan; Rizhao People's Hospital; Anyang People's Hospital; Shanghai 10th People's Hospital; Dalian Municipal Central Hospital; Zhoukou Central Hospital; Nanshi Hospital of Nanyang; The second Nanning People's Hospital; Zhumadian Central Hospital; Taizhou Hospital; Second Affiliated Hospital of Nanchang University,No,Yes,RANDOMIZED,PARALLEL,INTERVENTIONAL,FALSE,1/1/3011,1/1/3011,FALSE,No,,No,,,2/8/2025,2/8/2025,2/8/2025,OTHER
40162639,Dapagliflozin in Patients Undergoing Transcatheter Aortic-Valve Implantation,N Engl J Med,NCT04696185,,,No,,1/27/2021,1/27/2021,1/27/2021,ACTUAL,12/29/2024,12/29/2024,12/29/2024,ACTUAL,1/3/2021,1/3/2021,1/3/2021,12/30/2020,,Spanish Society of Cardiology,OTHER,OTHER,Fundación Centro Nacional de Investigaciones Cardiovasculares Carlos III,Spanish Society of Cardiology; Fundación Centro Nacional de Investigaciones Cardiovasculares Carlos III,No,Yes,RANDOMIZED,PARALLEL,INTERVENTIONAL,FALSE,1/1/3011,1/1/3011,FALSE,Yes,10/14/2020,Yes,10/14/2020,3/29/2025,4/10/2025,4/10/2025,3/29/2025,OTHER
39953289,Artificial intelligence for individualized treatment of persistent atrial fibrillation: a randomized controlled trial,Nat Med,NCT04702451,https://clinicaltrials.gov/study/NCT04702451,Volta Medical,Yes,FALSE,2/12/2021,2/12/2021,2/12/2021,ACTUAL,12/27/2023,12/27/2023,12/27/2023,ACTUAL,1/7/2021,1/7/2021,1/7/2021,1/7/2021,,Volta Medical,INDUSTRY,INDUSTRY,Covance; CardiaBase,Volta Medical; Covance; CardiaBase,No,Yes,RANDOMIZED,PARALLEL,INTERVENTIONAL,TRUE,9/12/2025,3/25/2025,TRUE,Yes,7/6/2022,Yes,2/19/2024,2/14/2025,4/1/2025,4/1/2025,2/14/2025,INDUSTRY
39842011,Abelacimab versus Rivaroxaban in Patients with Atrial Fibrillation,N Engl J Med,NCT04755283,https://clinicaltrials.gov/study/NCT04755283,"Anthos Therapeutics, Inc.",Yes,FALSE,2/2/2021,2/2/2021,2/2/2021,ACTUAL,2/15/2024,2/15/2024,2/15/2024,ACTUAL,2/11/2021,2/11/2021,2/11/2021,2/11/2021,2020-004507-13 (EUDRACT_NUMBER),"Anthos Therapeutics, Inc.",INDUSTRY,INDUSTRY,The TIMI Study Group; Fortrea,"Anthos Therapeutics, Inc.; The TIMI Study Group; Fortrea",No,Yes,RANDOMIZED,PARALLEL,INTERVENTIONAL,TRUE,7/30/2025,4/3/2025,TRUE,Yes,4/18/2023,Yes,7/24/2023,,1/23/2025,1/23/2025,1/23/2025,INDUSTRY
39709979,"Effect of a spatial repellent on malaria incidence in an area of western Kenya characterised by high malaria transmission, insecticide resistance, and universal coverage of insecticide treated nets (part of the AEGIS Consortium): a cluster-randomised, controlled trial",Lancet,NCT04766879,,,No,,3/2/2021,3/2/2021,3/2/2021,ACTUAL,10/23/2023,10/23/2023,10/23/2023,ACTUAL,2/19/2021,2/19/2021,2/19/2021,2/8/2021,,University of Notre Dame,OTHER,OTHER,"S.C. Johnson & Son, Inc.; Kenya Medical Research Institute; Centers for Disease Control and Prevention; fhiClinical","University of Notre Dame; S.C. Johnson & Son, Inc.; Kenya Medical Research Institute; Centers for Disease Control and Prevention; fhiClinical",No,Yes,RANDOMIZED,PARALLEL,INTERVENTIONAL,FALSE,1/1/3011,1/1/3011,FALSE,No,,No,,12/19/2024,1/11/2025,1/11/2025,12/19/2024,OTHER
39258838,Liraglutide for Children 6 to <12 Years of Age with Obesity - A Randomized Trial,N Engl J Med,NCT04775082,https://clinicaltrials.gov/study/NCT04775082,Novo Nordisk A/S,Yes,FALSE,3/4/2021,3/4/2021,3/4/2021,ACTUAL,8/1/2023,8/1/2023,8/1/2023,ACTUAL,2/26/2021,2/26/2021,2/26/2021,2/26/2021,"U1111-1247-8226 (OTHER, World Health Organization (WHO)); 2020-000546-34 (REGISTRY, European Medicines Agency (EudraCT))",Novo Nordisk A/S,INDUSTRY,INDUSTRY,,Novo Nordisk A/S,No,Yes,RANDOMIZED,PARALLEL,INTERVENTIONAL,FALSE,1/1/3011,1/1/3011,FALSE,No,,No,,9/10/2024,2/6/2025,2/6/2025,9/10/2024,INDUSTRY
40305708,Phase 3 Trial of Semaglutide in Metabolic Dysfunction-Associated Steatohepatitis,N Engl J Med,NCT04822181,https://clinicaltrials.gov/study/NCT04822181,Novo Nordisk A/S,Yes,FALSE,4/1/2021,4/1/2021,4/1/2021,ACTUAL,4/25/2029,4/25/2029,4/25/2029,ESTIMATED,3/26/2021,3/26/2021,3/26/2021,3/26/2021,"U1111-1244-3678 (OTHER, World Health Organization (WHO)); 2019-004594-44 (REGISTRY, European Medicines Agency (EudraCT)); jRCT2031210033 (REGISTRY, JAPIC)",Novo Nordisk A/S,INDUSTRY,INDUSTRY,,Novo Nordisk A/S,No,Yes,RANDOMIZED,PARALLEL,INTERVENTIONAL,FALSE,1/1/3011,1/1/3011,FALSE,No,,No,,4/30/2025,6/5/2025,6/5/2025,4/30/2025,INDUSTRY
39555826,Tirzepatide for Heart Failure with Preserved Ejection Fraction and Obesity,N Engl J Med,NCT04847557,https://clinicaltrials.gov/study/NCT04847557,Eli Lilly and Company,Yes,FALSE,4/20/2021,4/20/2021,4/20/2021,ACTUAL,7/2/2024,7/2/2024,7/2/2024,ACTUAL,4/13/2021,4/13/2021,4/13/2021,2/26/2021,"I8F-MC-GPID (OTHER, Eli Lilly and Company)",Eli Lilly and Company,INDUSTRY,INDUSTRY,,Eli Lilly and Company,No,Yes,RANDOMIZED,PARALLEL,INTERVENTIONAL,TRUE,8/20/2025,7/2/2025,TRUE,Yes,2/14/2024,Yes,6/26/2024,11/16/2024,1/30/2025,1/30/2025,11/16/2024,INDUSTRY
40106374,Tezepelumab in Adults with Severe Chronic Rhinosinusitis with Nasal Polyps,N Engl J Med,NCT04851964,https://clinicaltrials.gov/study/NCT04851964,AstraZeneca,Yes,FALSE,4/22/2021,4/22/2021,4/22/2021,ACTUAL,9/23/2024,9/23/2024,9/23/2024,ACTUAL,4/19/2021,4/19/2021,4/19/2021,2/18/2021,2020-003062-39 (EUDRACT_NUMBER),AstraZeneca,INDUSTRY,INDUSTRY,Amgen,AstraZeneca; Amgen,No,Yes,RANDOMIZED,PARALLEL,INTERVENTIONAL,FALSE,1/1/3011,1/1/3011,FALSE,No,,No,,3/1/2025,3/27/2025,3/27/2025,3/1/2025,INDUSTRY
39455729,Semaglutide in patients with overweight or obesity and chronic kidney disease without diabetes: a randomized double-blind placebo-controlled clinical trial,Nat Med,NCT04889183,,,No,,3/14/2022,3/14/2022,3/14/2022,ACTUAL,5/28/2024,5/28/2024,5/28/2024,ACTUAL,5/11/2021,5/11/2021,5/11/2021,5/6/2021,2021-001247-27 (EUDRACT_NUMBER),University Medical Center Groningen,OTHER,OTHER,Novo Nordisk A/S,University Medical Center Groningen; Novo Nordisk A/S,No,Yes,RANDOMIZED,PARALLEL,INTERVENTIONAL,FALSE,1/1/3011,1/1/3011,FALSE,No,,No,,10/25/2024,1/1/2025,1/1/2025,10/25/2024,OTHER
40167274,Sotatercept in Patients with Pulmonary Arterial Hypertension at High Risk for Death,N Engl J Med,NCT04896008,https://clinicaltrials.gov/study/NCT04896008,"Acceleron Pharma, Inc., a wholly-owned subsidiary of Merck & Co., Inc., Rahway, NJ USA",Yes,FALSE,12/1/2021,12/1/2021,12/1/2021,ACTUAL,7/26/2024,7/26/2024,7/26/2024,ACTUAL,5/17/2021,5/17/2021,5/17/2021,5/13/2021,"A011-14 (OTHER, Acceleronpharma); MK-7962-006 (OTHER, MSD); 2023-509140-10-00 (REGISTRY, EU CT); U1111-1309-6376 (REGISTRY, UTN); 2021-001498-21 (EUDRACT_NUMBER)","Acceleron Pharma, Inc., a wholly-owned subsidiary of Merck & Co., Inc., Rahway, NJ USA",INDUSTRY,INDUSTRY,,"Acceleron Pharma, Inc., a wholly-owned subsidiary of Merck & Co., Inc., Rahway, NJ USA",Yes,Yes,RANDOMIZED,PARALLEL,INTERVENTIONAL,TRUE,8/22/2025,7/3/2025,TRUE,Yes,4/23/2024,Yes,10/16/2024,3/31/2025,5/29/2025,5/29/2025,3/31/2025,NIH
39747681,Empagliflozin in nondiabetic individuals with calcium and uric acid kidney stones: a randomized phase 2 trial,Nat Med,NCT04911660,,,No,,8/25/2021,8/25/2021,8/25/2021,ACTUAL,3/30/2023,3/30/2023,3/30/2023,ACTUAL,5/27/2021,5/27/2021,5/27/2021,5/6/2021,,"Insel Gruppe AG, University Hospital Bern",OTHER,OTHER,Boehringer Ingelheim; University of Bern,"Insel Gruppe AG, University Hospital Bern; Boehringer Ingelheim; University of Bern",No,Yes,RANDOMIZED,CROSSOVER,INTERVENTIONAL,FALSE,1/1/3011,1/1/3011,FALSE,No,,No,,1/2/2025,1/1/2025,1/1/2025,1/2/2025,OTHER
40473450,"Efficacy and safety of selumetinib in adults with neurofibromatosis type 1 and symptomatic, inoperable plexiform neurofibromas (KOMET): a multicentre, international, randomised, placebo-controlled, parallel, double-blind, phase 3 study",Lancet,NCT04924608,https://clinicaltrials.gov/study/NCT04924608,AstraZeneca,Yes,FALSE,11/19/2021,11/19/2021,11/19/2021,ACTUAL,8/5/2024,8/5/2024,8/5/2024,ACTUAL,6/7/2021,6/7/2021,6/7/2021,5/14/2021,2020-005607-39 (EUDRACT_NUMBER),AstraZeneca,INDUSTRY,INDUSTRY,Merck Sharp & Dohme LLC,AstraZeneca; Merck Sharp & Dohme LLC,No,Yes,RANDOMIZED,PARALLEL,INTERVENTIONAL,FALSE,1/1/3011,1/1/3011,FALSE,No,,No,,6/2/2025,6/21/2025,6/21/2025,6/2/2025,INDUSTRY
39602624,Twice-Yearly Lenacapavir for HIV Prevention in Men and Gender-Diverse Persons,N Engl J Med,NCT04925752,https://clinicaltrials.gov/study/NCT04925752,Gilead Sciences,Yes,FALSE,6/28/2021,6/28/2021,6/28/2021,ACTUAL,8/5/2024,8/5/2024,8/5/2024,ACTUAL,6/11/2021,6/11/2021,6/11/2021,5/28/2021,"DOH-27-102021-6681 (OTHER, South African National Clinical Trial Registry)",Gilead Sciences,INDUSTRY,INDUSTRY,,Gilead Sciences,No,Yes,RANDOMIZED,PARALLEL,INTERVENTIONAL,TRUE,9/17/2025,7/23/2025,TRUE,Yes,10/21/2024,Yes,8/20/2024,11/27/2024,4/3/2025,4/3/2025,11/27/2024,INDUSTRY
39660834,Imlunestrant with or without Abemaciclib in Advanced Breast Cancer,N Engl J Med,NCT04975308,https://clinicaltrials.gov/study/NCT04975308,Eli Lilly and Company,Yes,FALSE,10/4/2021,10/4/2021,10/4/2021,ACTUAL,6/24/2024,6/24/2024,6/24/2024,ACTUAL,7/22/2021,7/22/2021,7/22/2021,7/22/2021,"J2J-OX-JZLC (OTHER, Eli Lilly and Company); 2021-000079-35 (EUDRACT_NUMBER); 2023-506786-63-00 (CTIS)",Eli Lilly and Company,INDUSTRY,INDUSTRY,,Eli Lilly and Company,No,Yes,RANDOMIZED,PARALLEL,INTERVENTIONAL,TRUE,7/11/2025,6/23/2025,TRUE,Yes,7/31/2023,Yes,8/24/2023,12/11/2024,3/27/2025,3/27/2025,12/11/2024,INDUSTRY
39843940,"First-line cadonilimab plus chemotherapy in HER2-negative advanced gastric or gastroesophageal junction adenocarcinoma: a randomized, double-blind, phase 3 trial",Nat Med,NCT05008783,,,No,,9/17/2021,9/17/2021,9/17/2021,ACTUAL,4/18/2025,4/18/2025,4/18/2025,ESTIMATED,8/16/2021,8/16/2021,8/16/2021,7/30/2021,,Akeso,INDUSTRY,INDUSTRY,,Akeso,No,Yes,RANDOMIZED,PARALLEL,INTERVENTIONAL,FALSE,1/1/3011,1/1/3011,FALSE,No,,No,,1/22/2025,4/1/2025,4/1/2025,1/22/2025,INDUSTRY
39908430,Endovascular Treatment for Stroke Due to Occlusion of Medium or Distal Vessels,N Engl J Med,NCT05029414,,,No,,12/9/2021,12/9/2021,12/9/2021,ACTUAL,10/10/2024,10/10/2024,10/10/2024,ACTUAL,8/26/2021,8/26/2021,8/26/2021,8/26/2021,,"University Hospital, Basel, Switzerland",OTHER,OTHER,"Swiss National Fund for Scientific Research; Stryker Neurovascular; Penumbra Inc.; Medtronic; Phenox GmbH; Rapid Medical; Gottfried und Julia Bangerter- Rhyner-Stiftung, Basel","University Hospital, Basel, Switzerland; Swiss National Fund for Scientific Research; Stryker Neurovascular; Penumbra Inc.; Medtronic; Phenox GmbH; Rapid Medical; Gottfried und Julia Bangerter- Rhyner-Stiftung, Basel",Yes,Yes,RANDOMIZED,PARALLEL,INTERVENTIONAL,FALSE,1/1/3011,1/1/3011,FALSE,No,,No,,2/5/2025,4/10/2025,4/10/2025,2/5/2025,NIH
40043237,Remibrutinib in Chronic Spontaneous Urticaria,N Engl J Med,NCT05032157,https://clinicaltrials.gov/study/NCT05032157,Novartis Pharmaceuticals,Yes,FALSE,12/1/2021,12/1/2021,12/1/2021,ACTUAL,12/18/2023,12/18/2023,12/18/2023,ACTUAL,8/31/2021,8/31/2021,8/31/2021,8/19/2021,2021-000424-35 (EUDRACT_NUMBER),Novartis Pharmaceuticals,INDUSTRY,INDUSTRY,,Novartis Pharmaceuticals,No,Yes,RANDOMIZED,PARALLEL,INTERVENTIONAL,TRUE,11/1/2024,10/7/2024,TRUE,Yes,5/23/2022,Yes,1/24/2024,,3/6/2025,3/6/2025,3/6/2025,INDUSTRY
40341827,Efruxifermin in Compensated Liver Cirrhosis Caused by MASH,N Engl J Med,NCT05039450,https://clinicaltrials.gov/study/NCT05039450,"Akero Therapeutics, Inc",Yes,FALSE,7/30/2021,7/30/2021,7/30/2021,ACTUAL,8/25/2023,8/25/2023,8/25/2023,ACTUAL,9/2/2021,9/2/2021,9/2/2021,7/29/2021,,"Akero Therapeutics, Inc",INDUSTRY,INDUSTRY,,"Akero Therapeutics, Inc",No,Yes,RANDOMIZED,PARALLEL,INTERVENTIONAL,FALSE,1/1/3011,1/1/3011,FALSE,No,,No,,5/9/2025,6/26/2025,6/26/2025,5/9/2025,INDUSTRY
40158526,"Chikungunya virus virus-like particle vaccine safety and immunogenicity in adolescents and adults in the USA: a phase 3, randomised, double-blind, placebo-controlled trial",Lancet,NCT05072080,https://clinicaltrials.gov/study/NCT05072080,Bavarian Nordic,Yes,FALSE,9/29/2021,9/29/2021,9/29/2021,ACTUAL,4/3/2023,4/3/2023,4/3/2023,ACTUAL,9/28/2021,9/28/2021,9/28/2021,9/28/2021,,Bavarian Nordic,INDUSTRY,INDUSTRY,Emergent BioSolutions,Bavarian Nordic; Emergent BioSolutions,No,Yes,RANDOMIZED,PARALLEL,INTERVENTIONAL,TRUE,8/30/2024,4/2/2024,TRUE,Yes,3/20/2023,Yes,3/20/2023,3/27/2025,4/19/2025,4/19/2025,3/27/2025,INDUSTRY
39225259,Plozasiran for Managing Persistent Chylomicronemia and Pancreatitis Risk,N Engl J Med,NCT05089084,https://clinicaltrials.gov/study/NCT05089084,Arrowhead Pharmaceuticals,Yes,FALSE,1/11/2022,1/11/2022,1/11/2022,ACTUAL,4/29/2024,4/29/2024,4/29/2024,ACTUAL,10/11/2021,10/11/2021,10/11/2021,10/11/2021,,Arrowhead Pharmaceuticals,INDUSTRY,INDUSTRY,,Arrowhead Pharmaceuticals,No,Yes,RANDOMIZED,PARALLEL,INTERVENTIONAL,FALSE,1/1/3011,1/1/3011,FALSE,No,,No,,9/2/2024,1/9/2025,1/9/2025,9/2/2024,INDUSTRY
40473449,"Efficacy and safety of first-line maintenance therapy with lurbinectedin plus atezolizumab in extensive-stage small-cell lung cancer (IMforte): a randomised, multicentre, open-label, phase 3 trial",Lancet,NCT05091567,https://clinicaltrials.gov/study/NCT05091567,Hoffmann-La Roche,Yes,FALSE,11/18/2021,11/18/2021,11/18/2021,ACTUAL,2/12/2025,2/12/2025,2/12/2025,ACTUAL,10/12/2021,10/12/2021,10/12/2021,10/12/2021,"2023-503868-16-00 (REGISTRY, CTIS (EU))",Hoffmann-La Roche,INDUSTRY,INDUSTRY,Jazz Pharmaceuticals,Hoffmann-La Roche; Jazz Pharmaceuticals,No,Yes,RANDOMIZED,PARALLEL,INTERVENTIONAL,FALSE,1/1/3011,1/1/3011,FALSE,No,,No,,6/2/2025,6/14/2025,6/14/2025,6/2/2025,INDUSTRY
40086461,"Safety and immunogenicity of a pentavalent meningococcal conjugate vaccine targeting serogroups A, C, W, Y, and X when co-administered with routine childhood vaccines at ages 9 months and 15 months in Mali: a single-centre, double-blind, randomised, controlled, phase 3, non-inferiority trial",Lancet,NCT05093829,,,No,,3/24/2022,3/24/2022,3/24/2022,ACTUAL,3/10/2023,3/10/2023,3/10/2023,ACTUAL,10/14/2021,10/14/2021,10/14/2021,10/14/2021,UM1AI148689 (NIH),Emory University,OTHER,OTHER,National Institute of Allergy and Infectious Diseases (NIAID),Emory University; National Institute of Allergy and Infectious Diseases (NIAID),Yes,Yes,RANDOMIZED,PARALLEL,INTERVENTIONAL,TRUE,5/7/2024,4/10/2024,TRUE,Yes,5/23/2023,Yes,6/2/2023,3/11/2025,3/29/2025,3/29/2025,3/11/2025,NIH
39385046,AAV gene therapy for Duchenne muscular dystrophy: the EMBARK phase 3 randomized trial,Nat Med,NCT05096221,https://clinicaltrials.gov/study/NCT05096221,"Sarepta Therapeutics, Inc.",Yes,FALSE,10/27/2021,10/27/2021,10/27/2021,ACTUAL,10/4/2023,10/4/2023,10/4/2023,ACTUAL,10/14/2021,10/14/2021,10/14/2021,10/14/2021,2019-003374-91 (EUDRACT_NUMBER),"Sarepta Therapeutics, Inc.",INDUSTRY,INDUSTRY,Hoffmann-La Roche,"Sarepta Therapeutics, Inc.; Hoffmann-La Roche",No,Yes,RANDOMIZED,PARALLEL,INTERVENTIONAL,TRUE,12/10/2024,10/4/2024,TRUE,Yes,5/28/2024,Yes,5/28/2024,10/9/2024,1/1/2025,1/1/2025,10/9/2024,INDUSTRY
39445704,CRISPR-Based Therapy for Hereditary Angioedema,N Engl J Med,NCT05120830,,,No,,12/10/2021,12/10/2021,12/10/2021,ACTUAL,4/4/2024,4/4/2024,4/4/2024,ACTUAL,11/12/2021,11/12/2021,11/12/2021,11/3/2021,,Intellia Therapeutics,INDUSTRY,INDUSTRY,,Intellia Therapeutics,No,Yes,RANDOMIZED,SEQUENTIAL,INTERVENTIONAL,FALSE,1/1/3011,1/1/3011,FALSE,No,,No,,10/24/2024,1/30/2025,1/30/2025,10/24/2024,INDUSTRY
39657224,Early Restrictive vs Liberal Oxygen for Trauma Patients: The TRAUMOX2 Randomized Clinical Trial,JAMA,NCT05146700,,,No,,12/10/2021,12/10/2021,12/10/2021,ACTUAL,10/12/2023,10/12/2023,10/12/2023,ACTUAL,12/4/2021,12/4/2021,12/4/2021,11/30/2021,"2021-000556-19 (EUDRACT_NUMBER); NNF20OC0063985 (OTHER_GRANT, Novo Nordisk Fonden)","Rigshospitalet, Denmark",OTHER,OTHER,The Novo Nordic Foundation,"Rigshospitalet, Denmark; The Novo Nordic Foundation",No,Yes,RANDOMIZED,PARALLEL,INTERVENTIONAL,FALSE,1/1/3011,1/1/3011,FALSE,No,,No,,,2/11/2025,2/11/2025,2/11/2025,OTHER
39908448,Endovascular Treatment of Stroke Due to Medium-Vessel Occlusion,N Engl J Med,NCT05151172,https://clinicaltrials.gov/study/NCT05151172,Dr. Michael D Hill,Yes,FALSE,4/15/2022,4/15/2022,4/15/2022,ACTUAL,12/31/2025,12/31/2025,12/31/2025,ESTIMATED,12/8/2021,12/8/2021,12/8/2021,11/25/2021,,Dr. Michael D Hill,OTHER,OTHER,University of Calgary,Dr. Michael D Hill; University of Calgary,No,Yes,RANDOMIZED,PARALLEL,INTERVENTIONAL,FALSE,1/1/3011,1/1/3011,FALSE,No,,No,,2/5/2025,4/10/2025,4/10/2025,2/5/2025,OTHER
39433921,Home-based transcranial direct current stimulation treatment for major depressive disorder: a fully remote phase 2 randomized sham-controlled trial,Nat Med,NCT05202119,https://clinicaltrials.gov/study/NCT05202119,Flow Neuroscience AB,Yes,FALSE,5/1/2022,5/1/2022,5/1/2022,ACTUAL,6/6/2023,6/6/2023,6/6/2023,ACTUAL,1/9/2022,1/9/2022,1/9/2022,1/9/2022,,Flow Neuroscience AB,INDUSTRY,INDUSTRY,University of Texas; University of East London,Flow Neuroscience AB; University of Texas; University of East London,No,Yes,RANDOMIZED,PARALLEL,INTERVENTIONAL,FALSE,1/1/3011,1/1/3011,FALSE,Yes,1/10/2023,No,,10/21/2024,1/1/2025,1/1/2025,10/21/2024,INDUSTRY
39480221,Intraosseous or Intravenous Vascular Access for Out-of-Hospital Cardiac Arrest,N Engl J Med,NCT05205031,,,No,,3/1/2022,3/1/2022,3/1/2022,ACTUAL,5/5/2024,5/5/2024,5/5/2024,ACTUAL,1/11/2022,1/11/2022,1/11/2022,1/11/2022,,Lars Wiuff Andersen,OTHER,OTHER,Central Denmark Region; University of Aarhus,Lars Wiuff Andersen; Central Denmark Region; University of Aarhus,No,Yes,RANDOMIZED,PARALLEL,INTERVENTIONAL,FALSE,1/1/3011,1/1/3011,FALSE,No,,No,,10/31/2024,1/23/2025,1/23/2025,10/31/2024,OTHER
39794615,"Subcutaneous weekly semaglutide with automated insulin delivery in type 1 diabetes: a double-blind, randomized, crossover trial",Nat Med,NCT05205928,,,No,,10/2/2022,10/2/2022,10/2/2022,ACTUAL,4/15/2024,4/15/2024,4/15/2024,ACTUAL,1/12/2022,1/12/2022,1/12/2022,12/13/2021,,McGill University Health Centre/Research Institute of the McGill University Health Centre,OTHER,OTHER,,McGill University Health Centre/Research Institute of the McGill University Health Centre,No,Yes,RANDOMIZED,CROSSOVER,INTERVENTIONAL,FALSE,1/1/3011,1/1/3011,FALSE,Yes,12/6/2022,Yes,12/6/2022,1/10/2025,4/1/2025,4/1/2025,1/10/2025,OTHER
40121537,Microultrasonography-Guided vs MRI-Guided Biopsy for Prostate Cancer Diagnosis: The OPTIMUM Randomized Clinical Trial,JAMA,NCT05220501,https://clinicaltrials.gov/study/NCT05220501,Sunnybrook Health Sciences Centre,Yes,FALSE,12/15/2021,12/15/2021,12/15/2021,ACTUAL,9/6/2024,9/6/2024,9/6/2024,ACTUAL,1/20/2022,1/20/2022,1/20/2022,12/9/2021,,Sunnybrook Health Sciences Centre,OTHER,OTHER,Exact Imaging,Sunnybrook Health Sciences Centre; Exact Imaging,No,Yes,RANDOMIZED,PARALLEL,INTERVENTIONAL,FALSE,1/1/3011,1/1/3011,FALSE,No,,No,,,5/20/2025,5/20/2025,5/20/2025,OTHER
40065171,Allogeneic mesenchymal stem cell therapy with laromestrocel in mild Alzheimer's disease: a randomized controlled phase 2a trial,Nat Med,NCT05233774,https://clinicaltrials.gov/study/NCT05233774,Longeveron Inc.,Yes,FALSE,12/28/2021,12/28/2021,12/28/2021,ACTUAL,9/29/2023,9/29/2023,9/29/2023,ACTUAL,1/31/2022,1/31/2022,1/31/2022,12/16/2021,,Longeveron Inc.,INDUSTRY,INDUSTRY,"bioRASI, LLC","Longeveron Inc.; bioRASI, LLC",No,Yes,RANDOMIZED,PARALLEL,INTERVENTIONAL,FALSE,1/1/3011,1/1/3011,FALSE,No,,No,,3/10/2025,4/1/2025,4/1/2025,3/10/2025,INDUSTRY
39762418,Neoadjuvant chemoradiation with or without PD-1 blockade in locally advanced rectal cancer: a randomized phase 2 trial,Nat Med,NCT05245474,,,No,,4/1/2022,4/1/2022,4/1/2022,ACTUAL,3/1/2024,3/1/2024,3/1/2024,ESTIMATED,2/6/2022,2/6/2022,2/6/2022,2/6/2022,,Beijing Friendship Hospital,OTHER,OTHER,"Beijing Chao Yang Hospital; Xuanwu Hospital, Beijing; Beijing Hospital; Peking Union Medical College Hospital; Peking University First Hospital; Peking University People's Hospital; Peking University Cancer Hospital & Institute; BeiGene","Beijing Friendship Hospital; Beijing Chao Yang Hospital; Xuanwu Hospital, Beijing; Beijing Hospital; Peking Union Medical College Hospital; Peking University First Hospital; Peking University People's Hospital; Peking University Cancer Hospital & Institute; BeiGene",No,Yes,RANDOMIZED,PARALLEL,INTERVENTIONAL,FALSE,1/1/3011,1/1/3011,FALSE,No,,No,,1/6/2025,2/1/2025,2/1/2025,1/6/2025,OTHER
40179932,"Durability and efficacy of solbinsiran, a GalNAc-conjugated siRNA targeting ANGPTL3, in adults with mixed dyslipidaemia (PROLONG-ANG3): a double-blind, randomised, placebo-controlled, phase 2 trial",Lancet,NCT05256654,https://clinicaltrials.gov/study/NCT05256654,Eli Lilly and Company,Yes,FALSE,7/20/2022,7/20/2022,7/20/2022,ACTUAL,3/4/2024,3/4/2024,3/4/2024,ACTUAL,2/23/2022,2/23/2022,2/23/2022,2/23/2022,"J3F-MC-EZCB (OTHER, Eli Lilly and Company); 2021-005407-13 (EUDRACT_NUMBER)",Eli Lilly and Company,INDUSTRY,INDUSTRY,,Eli Lilly and Company,No,Yes,RANDOMIZED,PARALLEL,INTERVENTIONAL,TRUE,3/17/2025,3/3/2025,TRUE,Yes,2/14/2023,Yes,6/2/2023,3/31/2025,5/3/2025,5/3/2025,3/31/2025,INDUSTRY
40473448,"Relacorilant and nab-paclitaxel in patients with platinum-resistant ovarian cancer (ROSELLA): an open-label, randomised, controlled, phase 3 trial",Lancet,NCT05257408,https://clinicaltrials.gov/study/NCT05257408,Corcept Therapeutics,Yes,FALSE,6/29/2022,6/29/2022,6/29/2022,ACTUAL,3/24/2025,3/24/2025,3/24/2025,ACTUAL,2/16/2022,2/16/2022,2/16/2022,2/4/2022,"ROSELLA Study 556 (OTHER, Corcept Therapeutics); GOG-3073 (OTHER, Gynecologic Oncology Group); ENGOT-OV72 (OTHER, European Network of Gyneaecological Oncological Trial Groups); APGOT-Ov10 (OTHER, Asia Pacific Gyneaecological Oncological Trial Groups); LACOG 0223 (OTHER, Latin America Cooperative Oncology Trials Group); ANZGOG2221/2023 (OTHER, Australia New Zealand Oncology Group)",Corcept Therapeutics,INDUSTRY,INDUSTRY,Gynecologic Oncology Group,Corcept Therapeutics; Gynecologic Oncology Group,No,Yes,RANDOMIZED,PARALLEL,INTERVENTIONAL,FALSE,1/1/3011,1/1/3011,FALSE,No,,No,,6/2/2025,6/21/2025,6/21/2025,6/2/2025,INDUSTRY
40252681,"Efficacy and safety of topical delgocitinib cream versus oral alitretinoin capsules in adults with severe chronic hand eczema (DELTA FORCE): a 24-week, randomised, head-to-head, phase 3 trial",Lancet,NCT05259722,,,No,,6/15/2022,6/15/2022,6/15/2022,ACTUAL,11/8/2023,11/8/2023,11/8/2023,ACTUAL,2/18/2022,2/18/2022,2/18/2022,2/18/2022,"2021-003543-16 (EUDRACT_NUMBER); U1111-1284-2242 (OTHER, World Health Organization (WHO))",LEO Pharma,INDUSTRY,INDUSTRY,,LEO Pharma,No,Yes,RANDOMIZED,PARALLEL,INTERVENTIONAL,TRUE,3/14/2025,2/24/2025,TRUE,Yes,6/29/2022,Yes,6/29/2022,4/16/2025,5/10/2025,5/10/2025,4/16/2025,INDUSTRY
40037388,"Efficacy and safety of twice per year depemokimab in chronic rhinosinusitis with nasal polyps (ANCHOR-1 and ANCHOR-2): phase 3, randomised, double-blind, parallel trials",Lancet,NCT05274750,https://clinicaltrials.gov/study/NCT05274750,GlaxoSmithKline,Yes,FALSE,4/22/2022,4/22/2022,4/22/2022,ACTUAL,7/30/2024,7/30/2024,7/30/2024,ACTUAL,3/2/2022,3/2/2022,3/2/2022,3/2/2022,2021-005037-16 (EUDRACT_NUMBER),GlaxoSmithKline,INDUSTRY,INDUSTRY,,GlaxoSmithKline,No,Yes,RANDOMIZED,PARALLEL,INTERVENTIONAL,FALSE,1/1/3011,1/1/3011,FALSE,No,,No,,3/1/2025,3/15/2025,3/15/2025,3/1/2025,INDUSTRY
40562047,"Once-weekly insulin efsitora alfa versus once-daily insulin degludec in adults with type 2 diabetes currently treated with basal insulin (QWINT-3): a phase 3, randomised, non-inferiority trial",Lancet,NCT05275400,https://clinicaltrials.gov/study/NCT05275400,Eli Lilly and Company,Yes,FALSE,3/8/2022,3/8/2022,3/8/2022,ACTUAL,5/15/2024,5/15/2024,5/15/2024,ACTUAL,3/3/2022,3/3/2022,3/3/2022,3/3/2022,"I8H-MC-BDCU (OTHER, Eli Lilly and Company); 2021-002569-16 (EUDRACT_NUMBER)",Eli Lilly and Company,INDUSTRY,INDUSTRY,,Eli Lilly and Company,No,Yes,RANDOMIZED,PARALLEL,INTERVENTIONAL,TRUE,6/3/2025,5/15/2025,TRUE,Yes,5/13/2022,Yes,5/27/2024,6/22/2025,6/28/2025,6/28/2025,6/22/2025,INDUSTRY
39775037,"Effects of early, late and self-selected time-restricted eating on visceral adipose tissue and cardiometabolic health in participants with overweight or obesity: a randomized controlled trial",Nat Med,NCT05310721,,,No,,4/11/2022,4/11/2022,4/11/2022,ACTUAL,3/6/2023,3/6/2023,3/6/2023,ACTUAL,3/25/2022,3/25/2022,3/25/2022,1/17/2022,,Universidad de Granada,OTHER,OTHER,Universidad Pública de Navarra,Universidad de Granada; Universidad Pública de Navarra,No,Yes,RANDOMIZED,PARALLEL,INTERVENTIONAL,FALSE,1/1/3011,1/1/3011,FALSE,No,,No,,1/7/2025,2/1/2025,2/1/2025,1/7/2025,OTHER
40387033,Nerandomilast in Patients with Idiopathic Pulmonary Fibrosis,N Engl J Med,NCT05321069,https://clinicaltrials.gov/study/NCT05321069,Boehringer Ingelheim,Yes,FALSE,10/6/2022,10/6/2022,10/6/2022,ACTUAL,8/16/2024,8/16/2024,8/16/2024,ACTUAL,4/4/2022,4/4/2022,4/4/2022,4/4/2022,2022-001091-34 (EUDRACT_NUMBER),Boehringer Ingelheim,INDUSTRY,INDUSTRY,,Boehringer Ingelheim,No,Yes,RANDOMIZED,PARALLEL,INTERVENTIONAL,TRUE,9/12/2025,8/13/2025,TRUE,Yes,9/20/2023,Yes,8/19/2024,5/18/2025,6/12/2025,6/12/2025,5/18/2025,INDUSTRY
40388329,Nerandomilast in Patients with Progressive Pulmonary Fibrosis,N Engl J Med,NCT05321082,https://clinicaltrials.gov/study/NCT05321082,Boehringer Ingelheim,Yes,FALSE,11/16/2022,11/16/2022,11/16/2022,ACTUAL,12/18/2024,12/18/2024,12/18/2024,ACTUAL,4/4/2022,4/4/2022,4/4/2022,4/4/2022,2022-001134-11 (EUDRACT_NUMBER),Boehringer Ingelheim,INDUSTRY,INDUSTRY,,Boehringer Ingelheim,No,Yes,RANDOMIZED,PARALLEL,INTERVENTIONAL,FALSE,1/1/3011,1/1/3011,FALSE,No,,No,,5/19/2025,6/12/2025,6/12/2025,5/19/2025,INDUSTRY
40217078,Sacituzumab tirumotecan in previously treated metastatic triple-negative breast cancer: a randomized phase 3 trial,Nat Med,NCT05347134,,,No,,6/10/2022,6/10/2022,6/10/2022,ACTUAL,11/30/2023,11/30/2023,11/30/2023,ACTUAL,4/20/2022,4/20/2022,4/20/2022,4/15/2022,,"Sichuan Kelun Pharmaceutical Research Institute Co., Ltd.",INDUSTRY,INDUSTRY,,"Sichuan Kelun Pharmaceutical Research Institute Co., Ltd.",No,Yes,RANDOMIZED,PARALLEL,INTERVENTIONAL,FALSE,1/1/3011,1/1/3011,FALSE,No,,No,,4/11/2025,6/1/2025,6/1/2025,4/11/2025,INDUSTRY
40158524,"Chikungunya virus virus-like particle vaccine safety and immunogenicity in adults older than 65 years: a phase 3, randomised, double-blind, placebo-controlled trial",Lancet,NCT05349617,https://clinicaltrials.gov/study/NCT05349617,Bavarian Nordic,Yes,FALSE,5/12/2022,5/12/2022,5/12/2022,ACTUAL,6/19/2023,6/19/2023,6/19/2023,ACTUAL,4/21/2022,4/21/2022,4/21/2022,4/21/2022,,Bavarian Nordic,INDUSTRY,INDUSTRY,Emergent BioSolutions,Bavarian Nordic; Emergent BioSolutions,No,Yes,RANDOMIZED,PARALLEL,INTERVENTIONAL,TRUE,12/13/2024,10/29/2024,TRUE,Yes,3/31/2023,Yes,3/31/2023,3/27/2025,4/19/2025,4/19/2025,3/27/2025,INDUSTRY
40266580,Varenicline for Youth Nicotine Vaping Cessation: A Randomized Clinical Trial,JAMA,NCT05367492,https://clinicaltrials.gov/study/NCT05367492,Massachusetts General Hospital,Yes,FALSE,6/22/2022,6/22/2022,6/22/2022,ACTUAL,3/20/2024,3/20/2024,3/20/2024,ACTUAL,5/9/2022,5/9/2022,5/9/2022,5/4/2022,R01DA052583 (NIH),Massachusetts General Hospital,OTHER,OTHER,National Institute on Drug Abuse (NIDA),Massachusetts General Hospital; National Institute on Drug Abuse (NIDA),Yes,Yes,RANDOMIZED,PARALLEL,INTERVENTIONAL,TRUE,4/27/2025,3/21/2025,TRUE,Yes,1/10/2024,Yes,6/13/2024,,6/3/2025,6/3/2025,6/3/2025,NIH
39869911,Effects of Noise and Public Setting on Blood Pressure Readings : A Randomized Crossover Trial,Ann Intern Med,NCT05394376,,,No,,8/9/2022,8/9/2022,8/9/2022,ACTUAL,6/1/2023,6/1/2023,6/1/2023,ACTUAL,5/24/2022,5/24/2022,5/24/2022,5/24/2022,,Johns Hopkins University,OTHER,OTHER,Vital Strategies,Johns Hopkins University; Vital Strategies,No,Yes,RANDOMIZED,CROSSOVER,INTERVENTIONAL,FALSE,1/1/3011,1/1/3011,FALSE,No,,No,,1/28/2025,2/1/2025,2/1/2025,1/28/2025,OTHER
40088914,"Behavioural interventions to increase uptake of FIT colorectal screening in Scotland (TEMPO): a nationwide, eight-arm, factorial, randomised controlled trial",Lancet,NCT05408169,,,No,,6/20/2022,6/20/2022,6/20/2022,ACTUAL,10/3/2022,10/3/2022,10/3/2022,ACTUAL,6/2/2022,6/2/2022,6/2/2022,4/29/2022,,University of Glasgow,OTHER,OTHER,NHS Greater Glasgow and Clyde; NHS Tayside; University of Cambridge; University of St Andrews; University of Stirling; University of Dundee; Chief Scientist Office of the Scottish Government; Cancer Research UK,University of Glasgow; NHS Greater Glasgow and Clyde; NHS Tayside; University of Cambridge; University of St Andrews; University of Stirling; University of Dundee; Chief Scientist Office of the Scottish Government; Cancer Research UK,Yes,Yes,RANDOMIZED,FACTORIAL,INTERVENTIONAL,FALSE,1/1/3011,1/1/3011,FALSE,No,,No,,3/12/2025,3/29/2025,3/29/2025,3/12/2025,NIH
40174223,Alteplase for Posterior Circulation Ischemic Stroke at 4.5 to 24 Hours,N Engl J Med,NCT05429476,,,No,,8/17/2022,8/17/2022,8/17/2022,ACTUAL,8/15/2024,8/15/2024,8/15/2024,ACTUAL,6/19/2022,6/19/2022,6/19/2022,6/19/2022,,"Second Affiliated Hospital, School of Medicine, Zhejiang University",OTHER,OTHER,,"Second Affiliated Hospital, School of Medicine, Zhejiang University",No,Yes,RANDOMIZED,PARALLEL,INTERVENTIONAL,FALSE,1/1/3011,1/1/3011,FALSE,No,,No,,,4/3/2025,4/3/2025,4/3/2025,OTHER
40562048,"Once-weekly insulin efsitora alfa versus once-daily insulin glargine U100 in adults with type 2 diabetes treated with basal and prandial insulin (QWINT-4): a phase 3, randomised, non-inferiority trial",Lancet,NCT05462756,https://clinicaltrials.gov/study/NCT05462756,Eli Lilly and Company,Yes,FALSE,8/11/2022,8/11/2022,8/11/2022,ACTUAL,2/27/2024,2/27/2024,2/27/2024,ACTUAL,7/14/2022,7/14/2022,7/14/2022,7/14/2022,"I8H-MC-BDCV (OTHER, Eli Lilly and Company); 2021-005878-25 (EUDRACT_NUMBER)",Eli Lilly and Company,INDUSTRY,INDUSTRY,,Eli Lilly and Company,No,Yes,RANDOMIZED,PARALLEL,INTERVENTIONAL,TRUE,4/27/2025,2/27/2025,TRUE,Yes,10/17/2022,Yes,3/18/2024,6/22/2025,6/28/2025,6/28/2025,6/22/2025,INDUSTRY
39753962,Single immunization with genetically attenuated Pf∆mei2 (GA2) parasites by mosquito bite in controlled human malaria infection: a placebo-controlled randomized trial,Nat Med,NCT05468606,,,No,,2/3/2023,2/3/2023,2/3/2023,ACTUAL,2024-12,12/1/2024,12/16/2024,ESTIMATED,7/18/2022,7/18/2022,7/18/2022,7/14/2022,,Leiden University Medical Center,OTHER,OTHER,,Leiden University Medical Center,No,Yes,RANDOMIZED,SEQUENTIAL,INTERVENTIONAL,FALSE,1/1/3011,1/1/3011,FALSE,No,,No,,1/3/2025,1/1/2025,1/1/2025,1/3/2025,OTHER
39775042,"Single-dose suraxavir marboxil for acute uncomplicated influenza in adults and adolescents: a multicenter, randomized, double-blind, placebo-controlled phase 3 trial",Nat Med,NCT05474755,,,No,,7/28/2022,7/28/2022,7/28/2022,ACTUAL,4/25/2023,4/25/2023,4/25/2023,ACTUAL,7/23/2022,7/23/2022,7/23/2022,7/23/2022,,Jiangxi Qingfeng Pharmaceutical Co. Ltd.,INDUSTRY,INDUSTRY,,Jiangxi Qingfeng Pharmaceutical Co. Ltd.,No,Yes,RANDOMIZED,PARALLEL,INTERVENTIONAL,FALSE,1/1/3011,1/1/3011,FALSE,No,,No,,1/7/2025,2/1/2025,2/1/2025,1/7/2025,INDUSTRY
39928308,Evaluation of a Clinical Decision Support System for Imaging Requests: A Cluster Randomized Clinical Trial,JAMA,NCT05490290,,,No,,12/1/2022,12/1/2022,12/1/2022,ACTUAL,5/30/2024,5/30/2024,5/30/2024,ACTUAL,8/3/2022,8/3/2022,8/3/2022,6/29/2022,,University Hospital Augsburg,OTHER,OTHER,Erasmus Medical Center; University Hospital Schleswig-Holstein; Johannes Gutenberg University Mainz,University Hospital Augsburg; Erasmus Medical Center; University Hospital Schleswig-Holstein; Johannes Gutenberg University Mainz,No,Yes,RANDOMIZED,PARALLEL,INTERVENTIONAL,FALSE,1/1/3011,1/1/3011,FALSE,No,,No,,,4/8/2025,4/8/2025,4/8/2025,OTHER
40057343,"Ivonescimab versus pembrolizumab for PD-L1-positive non-small cell lung cancer (HARMONi-2): a randomised, double-blind, phase 3 study in China",Lancet,NCT05499390,,,No,,11/9/2022,11/9/2022,11/9/2022,ACTUAL,1/29/2024,1/29/2024,1/29/2024,ACTUAL,8/11/2022,8/11/2022,8/11/2022,8/11/2022,,Akeso,INDUSTRY,INDUSTRY,,Akeso,No,Yes,RANDOMIZED,PARALLEL,INTERVENTIONAL,FALSE,1/1/3011,1/1/3011,FALSE,No,,No,,,3/8/2025,3/8/2025,3/8/2025,INDUSTRY
40156829,Prothrombin Complex Concentrate vs Frozen Plasma for Coagulopathic Bleeding in Cardiac Surgery: The FARES-II Multicenter Randomized Clinical Trial,JAMA,NCT05523297,https://clinicaltrials.gov/study/NCT05523297,Octapharma,Yes,FALSE,11/30/2022,11/30/2022,11/30/2022,ACTUAL,6/27/2024,6/27/2024,6/27/2024,ACTUAL,8/29/2022,8/29/2022,8/29/2022,8/18/2022,,Octapharma,INDUSTRY,INDUSTRY,,Octapharma,No,Yes,RANDOMIZED,PARALLEL,INTERVENTIONAL,TRUE,8/15/2025,5/23/2025,TRUE,Yes,8/25/2023,Yes,10/28/2024,,5/27/2025,5/27/2025,5/27/2025,INDUSTRY
40162734,Pulsed Field or Cryoballoon Ablation for Paroxysmal Atrial Fibrillation,N Engl J Med,NCT05534581,,,No,,9/26/2022,9/26/2022,9/26/2022,ACTUAL,1/1/2025,1/1/2025,1/1/2025,ACTUAL,9/7/2022,9/7/2022,9/7/2022,8/22/2022,,"Insel Gruppe AG, University Hospital Bern",OTHER,OTHER,University of Bern,"Insel Gruppe AG, University Hospital Bern; University of Bern",No,Yes,RANDOMIZED,PARALLEL,INTERVENTIONAL,FALSE,1/1/3011,1/1/3011,FALSE,No,,No,,3/31/2025,4/17/2025,4/17/2025,3/31/2025,OTHER
40239067,Tecovirimat for Clade I MPXV Infection in the Democratic Republic of Congo,N Engl J Med,NCT05559099,https://clinicaltrials.gov/study/NCT05559099,National Institute of Allergy and Infectious Diseases (NIAID),Yes,FALSE,10/10/2022,10/10/2022,10/10/2022,ACTUAL,9/3/2024,9/3/2024,9/3/2024,ACTUAL,9/23/2022,9/23/2022,9/23/2022,9/23/2022,,National Institute of Allergy and Infectious Diseases (NIAID),NIH,NIH,"Institut National de Recherche Biomédicale. Kinshasa, République Démocratique du Congo","National Institute of Allergy and Infectious Diseases (NIAID); Institut National de Recherche Biomédicale. Kinshasa, République Démocratique du Congo",Yes,Yes,RANDOMIZED,PARALLEL,INTERVENTIONAL,FALSE,1/1/3011,1/1/3011,FALSE,No,,No,,,4/17/2025,4/17/2025,4/17/2025,NIH
39556768,Oral Muvalaplin for Lowering of Lipoprotein(a): A Randomized Clinical Trial,JAMA,NCT05563246,https://clinicaltrials.gov/study/NCT05563246,Eli Lilly and Company,Yes,FALSE,11/24/2022,11/24/2022,11/24/2022,ACTUAL,3/14/2024,3/14/2024,3/14/2024,ACTUAL,9/30/2022,9/30/2022,9/30/2022,9/28/2022,"J2O-MC-EKBC (OTHER, Eli Lilly and Company); 2022-501466-21-00 (CTIS)",Eli Lilly and Company,INDUSTRY,INDUSTRY,,Eli Lilly and Company,No,Yes,RANDOMIZED,PARALLEL,INTERVENTIONAL,TRUE,3/25/2025,3/11/2025,TRUE,Yes,7/28/2022,Yes,9/20/2023,,1/21/2025,1/21/2025,1/21/2025,INDUSTRY
40183678,Comparison of Dose Escalation Versus Switching to Tirzepatide Among People With Type 2 Diabetes Inadequately Controlled on Lower Doses of Dulaglutide : A Randomized Clinical Trial,Ann Intern Med,NCT05564039,https://clinicaltrials.gov/study/NCT05564039,Eli Lilly and Company,Yes,FALSE,11/30/2022,11/30/2022,11/30/2022,ACTUAL,7/15/2024,7/15/2024,7/15/2024,ACTUAL,9/30/2022,9/30/2022,9/30/2022,9/30/2022,"I8F-MC-GPIH (OTHER, Eli Lilly and Company); 2022-500101-41-00 (OTHER, EU Trial Number)",Eli Lilly and Company,INDUSTRY,INDUSTRY,,Eli Lilly and Company,No,Yes,RANDOMIZED,PARALLEL,INTERVENTIONAL,TRUE,8/3/2025,7/15/2025,TRUE,Yes,3/9/2023,Yes,12/1/2022,4/4/2025,5/1/2025,5/1/2025,4/4/2025,INDUSTRY
40162643,Lepodisiran - A Long-Duration Small Interfering RNA Targeting Lipoprotein(a),N Engl J Med,NCT05565742,https://clinicaltrials.gov/study/NCT05565742,Eli Lilly and Company,Yes,FALSE,10/20/2022,10/20/2022,10/20/2022,ACTUAL,10/23/2023,10/23/2023,10/23/2023,ACTUAL,10/3/2022,10/3/2022,10/3/2022,10/3/2022,"J3L-MC-EZEB (OTHER, Eli Lilly and Company); 2022-501426-38-00 (CTIS)",Eli Lilly and Company,INDUSTRY,INDUSTRY,,Eli Lilly and Company,No,Yes,RANDOMIZED,PARALLEL,INTERVENTIONAL,TRUE,5/28/2025,4/17/2025,TRUE,Yes,7/19/2022,Yes,10/24/2023,3/30/2025,5/1/2025,5/1/2025,3/30/2025,INDUSTRY
40421736,Once-Weekly Mazdutide in Chinese Adults with Obesity or Overweight,N Engl J Med,NCT05607680,,,No,,11/14/2022,11/14/2022,11/14/2022,ACTUAL,8/21/2023,8/21/2023,8/21/2023,ACTUAL,11/1/2022,11/1/2022,11/1/2022,10/23/2022,,Innovent Biologics (Suzhou) Co. Ltd.,INDUSTRY,INDUSTRY,,Innovent Biologics (Suzhou) Co. Ltd.,No,Yes,RANDOMIZED,PARALLEL,INTERVENTIONAL,FALSE,1/1/3011,1/1/3011,FALSE,No,,No,,5/25/2025,6/12/2025,6/12/2025,5/25/2025,INDUSTRY
40367374,"Oveporexton, an Oral Orexin Receptor 2-Selective Agonist, in Narcolepsy Type 1",N Engl J Med,NCT05687903,https://clinicaltrials.gov/study/NCT05687903,Takeda,Yes,FALSE,1/9/2023,1/9/2023,1/9/2023,ACTUAL,12/14/2023,12/14/2023,12/14/2023,ACTUAL,1/9/2023,1/9/2023,1/9/2023,1/9/2023,"2022-001654-38 (EUDRACT_NUMBER); U1111-1277-4261 (OTHER, WHO); jRCT2031220644 (REGISTRY, jRCT)",Takeda,INDUSTRY,INDUSTRY,,Takeda,No,Yes,RANDOMIZED,PARALLEL,INTERVENTIONAL,TRUE,1/9/2025,12/13/2024,TRUE,Yes,8/17/2022,Yes,12/11/2023,,5/15/2025,5/15/2025,5/15/2025,INDUSTRY
40267417,Lorundrostat Efficacy and Safety in Patients with Uncontrolled Hypertension,N Engl J Med,NCT05769608,https://clinicaltrials.gov/study/NCT05769608,Mineralys Therapeutics Inc.,Yes,FALSE,3/13/2023,3/13/2023,3/13/2023,ACTUAL,1/15/2025,1/15/2025,1/15/2025,ACTUAL,3/3/2023,3/3/2023,3/3/2023,2/24/2023,,Mineralys Therapeutics Inc.,INDUSTRY,INDUSTRY,,Mineralys Therapeutics Inc.,No,Yes,RANDOMIZED,PARALLEL,INTERVENTIONAL,FALSE,1/1/3011,1/1/3011,FALSE,No,,No,,4/23/2025,5/8/2025,5/8/2025,4/23/2025,INDUSTRY
40105270,A Randomized Trial of Automated Insulin Delivery in Type 2 Diabetes,N Engl J Med,NCT05785832,https://clinicaltrials.gov/study/NCT05785832,"Tandem Diabetes Care, Inc.",Yes,FALSE,6/1/2023,6/1/2023,6/1/2023,ACTUAL,9/24/2024,9/24/2024,9/24/2024,ACTUAL,3/14/2023,3/14/2023,3/14/2023,3/14/2023,,"Tandem Diabetes Care, Inc.",INDUSTRY,INDUSTRY,Jaeb Center for Health Research,"Tandem Diabetes Care, Inc.; Jaeb Center for Health Research",No,Yes,RANDOMIZED,PARALLEL,INTERVENTIONAL,TRUE,6/3/2025,4/3/2025,TRUE,Yes,10/31/2023,Yes,4/18/2023,3/19/2025,5/8/2025,5/8/2025,3/19/2025,INDUSTRY
40102593,mRNA-based seasonal influenza and SARS-CoV-2 multicomponent vaccine in healthy adults: a phase 1/2 trial,Nat Med,NCT05827926,https://clinicaltrials.gov/study/NCT05827926,"ModernaTX, Inc.",Yes,FALSE,4/14/2023,4/14/2023,4/14/2023,ACTUAL,12/3/2024,12/3/2024,12/3/2024,ACTUAL,4/24/2023,4/24/2023,4/24/2023,4/24/2023,,"ModernaTX, Inc.",INDUSTRY,INDUSTRY,,"ModernaTX, Inc.",No,Yes,RANDOMIZED,PARALLEL,INTERVENTIONAL,FALSE,1/1/3011,1/1/3011,FALSE,No,,No,,3/18/2025,5/1/2025,5/1/2025,3/18/2025,INDUSTRY
40383129,Safety and efficacy of a novel ANGPTL4 inhibitory antibody for lipid lowering: results from phase 1 and phase 1b/2a clinical studies,Lancet,NCT05896254,https://clinicaltrials.gov/study/NCT05896254,Marea Therapeutics,Yes,FALSE,7/22/2023,7/22/2023,7/22/2023,ACTUAL,12/13/2024,12/13/2024,12/13/2024,ACTUAL,5/31/2023,5/31/2023,5/31/2023,5/31/2023,,Marea Therapeutics,INDUSTRY,INDUSTRY,,Marea Therapeutics,No,Yes,RANDOMIZED,PARALLEL,INTERVENTIONAL,FALSE,1/1/3011,1/1/3011,FALSE,No,,No,,5/15/2025,5/31/2025,5/31/2025,5/15/2025,INDUSTRY
40347969,"Fixed-dose combination of obicetrapib and ezetimibe for LDL cholesterol reduction (TANDEM): a phase 3, randomised, double-blind, placebo-controlled trial",Lancet,NCT06005597,https://clinicaltrials.gov/study/NCT06005597,NewAmsterdam Pharma,Yes,FALSE,3/1/2024,3/1/2024,3/1/2024,ACTUAL,9/25/2024,9/25/2024,9/25/2024,ACTUAL,8/15/2023,8/15/2023,8/15/2023,8/15/2023,,NewAmsterdam Pharma,INDUSTRY,INDUSTRY,,NewAmsterdam Pharma,No,Yes,RANDOMIZED,PARALLEL,INTERVENTIONAL,FALSE,1/1/3011,1/1/3011,FALSE,No,,No,,5/7/2025,5/17/2025,5/17/2025,5/7/2025,INDUSTRY
40332892,Immunogenicity and Safety of Influenza and COVID-19 Multicomponent Vaccine in Adults ≥50 Years: A Randomized Clinical Trial,JAMA,NCT06097273,https://clinicaltrials.gov/study/NCT06097273,"ModernaTX, Inc.",Yes,FALSE,10/19/2023,10/19/2023,10/19/2023,ACTUAL,5/28/2024,5/28/2024,5/28/2024,ACTUAL,10/18/2023,10/18/2023,10/18/2023,10/18/2023,,"ModernaTX, Inc.",INDUSTRY,INDUSTRY,,"ModernaTX, Inc.",No,Yes,RANDOMIZED,PARALLEL,INTERVENTIONAL,TRUE,6/13/2025,5/28/2025,TRUE,Yes,3/22/2024,Yes,3/25/2024,,6/10/2025,6/10/2025,6/10/2025,INDUSTRY
39910272,GPT-4 assistance for improvement of physician performance on patient care tasks: a randomized controlled trial,Nat Med,NCT06208423,,,No,,12/28/2023,12/28/2023,12/28/2023,ACTUAL,4/19/2024,4/19/2024,4/19/2024,ACTUAL,1/5/2024,1/5/2024,1/5/2024,12/20/2023,,Stanford University,OTHER,OTHER,Beth Israel Deaconess Medical Center; University of Minnesota,Stanford University; Beth Israel Deaconess Medical Center; University of Minnesota,No,Yes,RANDOMIZED,PARALLEL,INTERVENTIONAL,FALSE,1/1/3011,1/1/3011,FALSE,No,,No,,2/5/2025,4/1/2025,4/1/2025,2/5/2025,OTHER
40195450,A vaccine chatbot intervention for parents to improve HPV vaccination uptake among middle school girls: a cluster randomized trial,Nat Med,NCT06227689,,,No,,1/18/2024,1/18/2024,1/18/2024,ACTUAL,6/30/2024,6/30/2024,6/30/2024,ESTIMATED,1/26/2024,1/26/2024,1/26/2024,1/18/2024,,Fudan University,OTHER,OTHER,The University of Hong Kong,Fudan University; The University of Hong Kong,No,Yes,RANDOMIZED,PARALLEL,INTERVENTIONAL,FALSE,1/1/3011,1/1/3011,FALSE,No,,No,,4/7/2025,6/1/2025,6/1/2025,4/7/2025,OTHER
40578851,"Effects of intravaginal conjugated oestrogen on pessary continuation for pelvic organ prolapse: multicentre, randomised, double blind, placebo controlled trial.",BMJ (Clinical research ed.),NCT04393194,,,No,,5/24/2020,5/24/2020,5/24/2020,ESTIMATED,6/1/2022,6/1/2022,6/1/2022,ESTIMATED,5/13/2020,5/13/2020,5/13/2020,5/10/2020,,Peking Union Medical College Hospital,OTHER,OTHER,,Peking Union Medical College Hospital,No,Yes,RANDOMIZED,PARALLEL,INTERVENTIONAL,FALSE,1/1/3011,1/1/3011,FALSE,No,,No,,6/27/2025,6/27/2025,6/27/2025,6/27/2025,OTHER
40473437,Sacituzumab tirumotecan versus docetaxel for previously treated,BMJ (Clinical research ed.),NCT05631262,,,No,,11/30/2022,11/30/2022,11/30/2022,ACTUAL,12/30/2025,12/30/2025,12/30/2025,ESTIMATED,11/18/2022,11/18/2022,11/18/2022,11/10/2022,,"Sichuan Kelun Pharmaceutical Research Institute Co., Ltd.",INDUSTRY,INDUSTRY,,"Sichuan Kelun Pharmaceutical Research Institute Co., Ltd.",No,Yes,RANDOMIZED,PARALLEL,INTERVENTIONAL,FALSE,1/1/3011,1/1/3011,FALSE,No,,No,,6/5/2025,6/5/2025,6/5/2025,6/5/2025,INDUSTRY
40472026,Community health worker-facilitated telehealth for moderate-severe hypertension care in Kenya and Uganda: A randomized controlled trial.,PLoS medicine,NCT04810650,,,No,,4/15/2021,4/15/2021,4/15/2021,ACTUAL,10/16/2023,10/16/2023,10/16/2023,ACTUAL,3/19/2021,3/19/2021,3/19/2021,3/18/2021,U01AI150510 (NIH),"University of California, San Francisco",OTHER,OTHER,"Infectious Diseases Research Collaboration, Uganda; Makerere University; Kenya Medical Research Institute; University of California, Berkeley; University College, London; University of Pennsylvania; National Institute of Allergy and Infectious Diseases (NIAID); National Institute on Alcohol Abuse and Alcoholism (NIAAA); National Institute of Mental Health (NIMH); National Heart, Lung, and Blood Institute (NHLBI)","University of California, San Francisco; Infectious Diseases Research Collaboration, Uganda; Makerere University; Kenya Medical Research Institute; University of California, Berkeley; University College, London; University of Pennsylvania; National Institute of Allergy and Infectious Diseases (NIAID); National Institute on Alcohol Abuse and Alcoholism (NIAAA); National Institute of Mental Health (NIMH); National Heart, Lung, and Blood Institute (NHLBI)",Yes,Yes,RANDOMIZED,PARALLEL,INTERVENTIONAL,TRUE,2/6/2025,2/4/2025,TRUE,Yes,7/26/2023,Yes,12/21/2021,6/5/2025,6/1/2025,6/1/2025,6/5/2025,NIH
40467095,"Effect of dapagliflozin on metabolic dysfunction-associated steatohepatitis: multicentre, double blind, randomised, placebo controlled trial.",BMJ (Clinical research ed.),NCT03723252,,,No,,3/20/2019,3/20/2019,3/20/2019,ACTUAL,3/22/2024,3/22/2024,3/22/2024,ACTUAL,10/25/2018,10/25/2018,10/25/2018,10/23/2018,,"Nanfang Hospital, Southern Medical University",OTHER,OTHER,,"Nanfang Hospital, Southern Medical University",No,Yes,RANDOMIZED,PARALLEL,INTERVENTIONAL,FALSE,1/1/3011,1/1/3011,FALSE,No,,No,,6/4/2025,6/4/2025,6/4/2025,6/4/2025,OTHER
40425261,A village doctor-led mobile health intervention for cardiovascular risk reduction in rural China: cluster randomised controlled trial.,BMJ (Clinical research ed.),NCT05645640,,,No,,3/16/2023,3/16/2023,3/16/2023,ACTUAL,5/16/2024,5/16/2024,5/16/2024,ACTUAL,12/7/2022,12/7/2022,12/7/2022,11/23/2022,,China National Center for Cardiovascular Diseases,OTHER_GOV,OTHER_GOV,,China National Center for Cardiovascular Diseases,No,Yes,RANDOMIZED,PARALLEL,INTERVENTIONAL,FALSE,1/1/3011,1/1/3011,FALSE,No,,No,,5/27/2025,5/27/2025,5/27/2025,5/27/2025,OTHER_GOV
40335079,"Effects of a general practitioner-led brief narrative exposure intervention on symptoms of post-traumatic stress disorder after intensive care (PICTURE): multicentre, observer blind, randomised controlled trial.",BMJ (Clinical research ed.),NCT03315390,,,No,,10/21/2018,10/21/2018,10/21/2018,ACTUAL,8/30/2023,8/30/2023,8/30/2023,ACTUAL,10/16/2017,10/16/2017,10/16/2017,10/10/2017,,Ludwig-Maximilians - University of Munich,OTHER,OTHER,German Research Foundation; University of Konstanz,Ludwig-Maximilians - University of Munich; German Research Foundation; University of Konstanz,No,Yes,RANDOMIZED,PARALLEL,INTERVENTIONAL,FALSE,1/1/3011,1/1/3011,FALSE,No,,Yes,7/14/2023,5/7/2025,5/7/2025,5/7/2025,5/7/2025,OTHER
40306935,No-touch versus conventional vein in coronary artery bypass grafting: three year follow-up of multicentre randomised PATENCY trial.,BMJ (Clinical research ed.),NCT03126409,,,No,,5/14/2017,5/14/2017,5/14/2017,ACTUAL,12/30/2029,12/30/2029,12/30/2029,ESTIMATED,4/19/2017,4/19/2017,4/19/2017,4/19/2017,,China National Center for Cardiovascular Diseases,OTHER_GOV,OTHER_GOV,,China National Center for Cardiovascular Diseases,No,Yes,RANDOMIZED,PARALLEL,INTERVENTIONAL,FALSE,1/1/3011,1/1/3011,FALSE,No,,No,,4/30/2025,4/30/2025,4/30/2025,4/30/2025,OTHER_GOV
40233976,Four cycles of docetaxel plus cisplatin as neoadjuvant chemotherapy followed by concurrent chemoradiotherapy in stage N2-3 nasopharyngeal carcinoma: phase 3 multicentre randomised controlled trial.,BMJ (Clinical research ed.),NCT02512315,,,No,,2015-08,8/1/2015,8/16/2015,ACTUAL,2024-12,12/1/2024,12/16/2024,ESTIMATED,7/27/2015,7/27/2015,7/27/2015,7/24/2015,,Sun Yat-sen University,OTHER,OTHER,,Sun Yat-sen University,No,Yes,RANDOMIZED,PARALLEL,INTERVENTIONAL,FALSE,1/1/3011,1/1/3011,FALSE,No,,No,,4/15/2025,4/15/2025,4/15/2025,4/15/2025,OTHER
40164448,"Stepwise dual antiplatelet therapy de-escalation in patients after drug coated balloon angioplasty (REC-CAGEFREE II): multicentre, randomised, open label, assessor blind, non-inferiority trial.",BMJ (Clinical research ed.),NCT04971356,,,No,,11/1/2021,11/1/2021,11/1/2021,ACTUAL,3/1/2024,3/1/2024,3/1/2024,ESTIMATED,7/20/2021,7/20/2021,7/20/2021,7/20/2021,,Xijing Hospital,OTHER,OTHER,,Xijing Hospital,No,Yes,RANDOMIZED,PARALLEL,INTERVENTIONAL,FALSE,1/1/3011,1/1/3011,FALSE,No,,No,,3/31/2025,3/31/2025,3/31/2025,3/31/2025,OTHER
40127893,"Care guided by tissue oxygenation and haemodynamic monitoring in off-pump coronary artery bypass grafting (Bottomline-CS): assessor blind, single centre, randomised controlled trial.",BMJ (Clinical research ed.),NCT04896736,,,No,,6/8/2021,6/8/2021,6/8/2021,ACTUAL,2/2/2024,2/2/2024,2/2/2024,ACTUAL,5/17/2021,5/17/2021,5/17/2021,4/26/2021,"000 (OTHER, CTGTY)",Yale University,OTHER,OTHER,Tianjin Chest Hospital,Yale University; Tianjin Chest Hospital,No,Yes,RANDOMIZED,PARALLEL,INTERVENTIONAL,FALSE,1/1/3011,1/1/3011,FALSE,No,,Yes,1/31/2024,3/24/2025,3/24/2025,3/24/2025,3/24/2025,OTHER
40107675,Sonolysis during carotid endarterectomy: randomised controlled trial.,BMJ (Clinical research ed.),NCT02398734,,,No,,2015-10,10/1/2015,10/16/2015,ACTUAL,2022-11,11/1/2022,11/15/2022,ACTUAL,3/20/2015,3/20/2015,3/20/2015,3/20/2015,,University Hospital Ostrava,OTHER,OTHER,"Ústřední fakultní vojenská nemocnice, Praha, Czechia; Vítkovická nemocnice, Ostrava, Czechia; Masarykova nemocnice v Ústí nad Labem, Ústí nad Labem, Czechia; Nemocnice České Budějovice, České Budějovice, Czechia; Fakultní nemocnice Hradec Králové, Hradec Králové, Czechia; Fakultní nemocnice Plzeň, Plzeň, Czechia; Krajská nemocnice Liberec, Liberec, Czechia; Fakultná nemocnica Martin, Martin, Slovakia; Nemocnice Jihlava, Jihlava, Czechia; Nemocnice na Homolce, Praha, Czechia; Fakultní nemocnice Motol, Praha, Czechia; Fakultná nemocnica Nitra, Nitra, Slovakia; Fakultní nemocnice Olomouc, Olomouc, Czechia; Fakultná nemocnica Košice, Košice, Slovakia; Krajská nemocnice T. Bati, Zlín, Czechia; Allgemeine Krankenhausl Linz, Linz, Austria","University Hospital Ostrava; Ústřední fakultní vojenská nemocnice, Praha, Czechia; Vítkovická nemocnice, Ostrava, Czechia; Masarykova nemocnice v Ústí nad Labem, Ústí nad Labem, Czechia; Nemocnice České Budějovice, České Budějovice, Czechia; Fakultní nemocnice Hradec Králové, Hradec Králové, Czechia; Fakultní nemocnice Plzeň, Plzeň, Czechia; Krajská nemocnice Liberec, Liberec, Czechia; Fakultná nemocnica Martin, Martin, Slovakia; Nemocnice Jihlava, Jihlava, Czechia; Nemocnice na Homolce, Praha, Czechia; Fakultní nemocnice Motol, Praha, Czechia; Fakultná nemocnica Nitra, Nitra, Slovakia; Fakultní nemocnice Olomouc, Olomouc, Czechia; Fakultná nemocnica Košice, Košice, Slovakia; Krajská nemocnice T. Bati, Zlín, Czechia; Allgemeine Krankenhausl Linz, Linz, Austria",No,Yes,RANDOMIZED,PARALLEL,INTERVENTIONAL,FALSE,1/1/3011,1/1/3011,FALSE,No,,No,,3/19/2025,3/19/2025,3/19/2025,3/19/2025,OTHER
39982935,Cervical cerclage versus cervical pessary with or without vaginal progesterone for preterm birth prevention in twin pregnancies and a short cervix: A two-by-two factorial randomised clinical trial.,PLoS medicine,NCT03863613,,,No,,3/23/2019,3/23/2019,3/23/2019,ACTUAL,7/8/2023,7/8/2023,7/8/2023,ACTUAL,3/3/2019,3/3/2019,3/3/2019,2/28/2019,,Mỹ Đức Hospital,OTHER,OTHER,,Mỹ Đức Hospital,No,Yes,RANDOMIZED,FACTORIAL,INTERVENTIONAL,FALSE,1/1/3011,1/1/3011,FALSE,No,,No,,2/21/2025,2/1/2025,2/1/2025,2/21/2025,OTHER
39933757,Effect of high flow nasal cannula oxygenation on incidence of hypoxia during sedated gastrointestinal endoscopy in patients with obesity: multicentre randomised controlled trial.,BMJ (Clinical research ed.),NCT04500392,,,No,,5/6/2021,5/6/2021,5/6/2021,ACTUAL,2024-01,1/1/2024,1/16/2024,ESTIMATED,8/2/2020,8/2/2020,8/2/2020,8/2/2020,,RenJi Hospital,OTHER,OTHER,"Shanghai Tongji Hospital, Tongji University School of Medicine; Shanghai Oriental Hospital, Tongji University School of Medicine","RenJi Hospital; Shanghai Tongji Hospital, Tongji University School of Medicine; Shanghai Oriental Hospital, Tongji University School of Medicine",No,Yes,RANDOMIZED,PARALLEL,INTERVENTIONAL,FALSE,1/1/3011,1/1/3011,FALSE,No,,No,,2/11/2025,2/11/2025,2/11/2025,2/11/2025,OTHER
39899612,Impact evaluation of a digital health platform empowering Kenyan women across the pregnancy-postpartum care continuum: A cluster randomized controlled trial.,PLoS medicine,NCT05110521,,,No,,11/5/2021,11/5/2021,11/5/2021,ACTUAL,8/26/2022,8/26/2022,8/26/2022,ACTUAL,11/4/2021,11/4/2021,11/4/2021,10/25/2021,,Harvard School of Public Health (HSPH),OTHER,OTHER,Innovations for Poverty Action; Jacaranda Health,Harvard School of Public Health (HSPH); Innovations for Poverty Action; Jacaranda Health,No,Yes,RANDOMIZED,PARALLEL,INTERVENTIONAL,FALSE,1/1/3011,1/1/3011,FALSE,No,,No,,2/3/2025,2/1/2025,2/1/2025,2/3/2025,OTHER
39843169,"Dapagliflozin plus calorie restriction for remission of type 2 diabetes: multicentre, double blind, randomised, placebo controlled trial.",BMJ (Clinical research ed.),NCT04004793,,,No,,6/12/2020,6/12/2020,6/12/2020,ACTUAL,1/31/2023,1/31/2023,1/31/2023,ACTUAL,6/28/2019,6/28/2019,6/28/2019,6/28/2019,,Shanghai Zhongshan Hospital,OTHER,OTHER,,Shanghai Zhongshan Hospital,No,Yes,RANDOMIZED,PARALLEL,INTERVENTIONAL,FALSE,1/1/3011,1/1/3011,FALSE,No,,No,,1/22/2025,1/22/2025,1/22/2025,1/22/2025,OTHER
39836656,Effectiveness of app-based cognitive behavioral therapy for insomnia on preventing major depressive disorder in youth with insomnia and subclinical depression: A randomized clinical trial.,PLoS medicine,NCT04069247,,,No,,9/5/2019,9/5/2019,9/5/2019,ACTUAL,1/18/2024,1/18/2024,1/18/2024,ACTUAL,8/22/2019,8/22/2019,8/22/2019,8/15/2019,,Chinese University of Hong Kong,OTHER,OTHER,Peking University Sixth Hospital,Chinese University of Hong Kong; Peking University Sixth Hospital,No,Yes,RANDOMIZED,PARALLEL,INTERVENTIONAL,TRUE,1/9/2025,11/25/2024,TRUE,Yes,12/8/2022,Yes,12/8/2022,1/21/2025,1/1/2025,1/1/2025,1/21/2025,OTHER
39814420,"The efficacy and safety of thymosin α1 for sepsis (TESTS): multicentre, double blinded, randomised, placebo controlled, phase 3 trial.",BMJ (Clinical research ed.),NCT02867267,,,No,,9/6/2016,9/6/2016,9/6/2016,ACTUAL,1/22/2021,1/22/2021,1/22/2021,ACTUAL,8/11/2016,8/11/2016,8/11/2016,8/10/2016,,Sun Yat-sen University,OTHER,OTHER,SciClone Pharmaceuticals,Sun Yat-sen University; SciClone Pharmaceuticals,No,Yes,RANDOMIZED,PARALLEL,INTERVENTIONAL,FALSE,1/1/3011,1/1/3011,FALSE,No,,No,,1/15/2025,1/15/2025,1/15/2025,1/15/2025,OTHER
39809509,Intra-arterial tenecteplase after successful endovascular recanalisation in patients with acute posterior circulation arterial occlusion (ATTENTION-IA): multicentre randomised controlled trial.,BMJ (Clinical research ed.),NCT05684172,,,No,,1/24/2023,1/24/2023,1/24/2023,ACTUAL,8/24/2023,8/24/2023,8/24/2023,ACTUAL,1/5/2023,1/5/2023,1/5/2023,1/5/2023,,The First Affiliated Hospital of University of Science and Technology of China,OTHER,OTHER,,The First Affiliated Hospital of University of Science and Technology of China,No,Yes,RANDOMIZED,PARALLEL,INTERVENTIONAL,FALSE,1/1/3011,1/1/3011,FALSE,No,,No,,1/14/2025,1/14/2025,1/14/2025,1/14/2025,OTHER
39788611,Effectiveness of shared decision making strategies for stroke prevention among patients with atrial fibrillation: cluster randomized controlled trial.,BMJ (Clinical research ed.),NCT04357288,,,No,,12/16/2020,12/16/2020,12/16/2020,ACTUAL,9/20/2024,9/20/2024,9/20/2024,ACTUAL,4/21/2020,4/21/2020,4/21/2020,4/13/2020,,University of Utah,OTHER,OTHER,American Heart Association; Patient-Centered Outcomes Research Institute; Mayo Clinic; Northwestern University; Vanderbilt University; University of Michigan; University of Alabama at Birmingham,University of Utah; American Heart Association; Patient-Centered Outcomes Research Institute; Mayo Clinic; Northwestern University; Vanderbilt University; University of Michigan; University of Alabama at Birmingham,No,Yes,RANDOMIZED,FACTORIAL,INTERVENTIONAL,FALSE,1/1/3011,1/1/3011,FALSE,No,,No,,1/9/2025,1/9/2025,1/9/2025,1/9/2025,OTHER
40587286,The effect of telephone follow-up and training on treatment adherence in tuberculosis patients and contacts: A randomized controlled study,The National Medical Journal of India,NCT05202431,,Tuberculosis Network European Trialsgroup,No,,7/1/2018,7/1/2018,7/1/2018,ACTUAL,7/30/2019,7/30/2019,7/30/2019,ACTUAL,1/20/2022,1/20/2022,1/20/2022,12/14/2021,,Tuberculosis Network European Trialsgroup,NETWORK,NETWORK,,Tuberculosis Network European Trialsgroup,No,Yes,RANDOMIZED,SINGLE_GROUP,INTERVENTIONAL,FALSE,1/1/3011,1/1/3011,FALSE,No,,No,,7/1/2025,7/1/2025,7/1/2025,7/1/2025,OTHER
